Merge_Year,Merge_Month,Country_Clean,Centroid_X,Centroid_Y,Duration_i,Dead,Displaced,Severity__,Affected_s,Magnitude,Country,ISO,Disaster Subtype,Total Deaths,No. Affected,Total Affected,Total Damage ('000 US$)
2010,8,niger,14.0,13.6,11.0,1.0,5000.0,1.0,619100.0,6.833153,Niger,NER,Riverine flood,3.0,226611.0,226611.0,
2010,8,india,76.12,33.53,3.0,150.0,180.0,11.5,145000.0,6.699187,India,IND,Flash flood,196.0,12500.0,12725.0,
2010,7,afghanistan,68.86,35.21,8.0,65.0,180.0,1.0,176800.0,6.150572,Afghanistan,AFG,Riverine flood,65.0,5000.0,5000.0,
2010,7,pakistan,73.26,33.36,16.0,1600.0,14000000.0,2.0,129700.0,6.61809,Pakistan,PAK,Flash flood,1985.0,20356550.0,20359496.0,9500000.0
2010,7,pakistan,73.26,33.36,16.0,1600.0,14000000.0,2.0,129700.0,6.61809,Pakistan,PAK,Flash flood,60.0,4000.0,4000.0,
2010,7,saudi arabia,41.92,21.51,3.0,14.0,0.0,1.0,346200.0,6.016448,Saudi Arabia,SAU,Riverine flood,10.0,85.0,85.0,
2010,7,saudi arabia,41.92,21.51,3.0,14.0,0.0,1.0,346200.0,6.016448,Saudi Arabia,SAU,Riverine flood,14.0,,,
2010,7,indonesia,114.97,-2.14,3.0,21.0,15000.0,1.0,106500.0,5.504471,Indonesia,IDN,Riverine flood,21.0,15000.0,15007.0,
2010,7,nepal,84.78,28.35,1.0,12.0,0.0,1.0,132600.0,5.122544,Nepal,NPL,Riverine flood,12.0,,,
2010,7,pakistan,66.95,30.51,3.0,60.0,0.0,1.5,14180.0,4.804889,Pakistan,PAK,Flash flood,1985.0,20356550.0,20359496.0,9500000.0
2010,7,pakistan,66.95,30.51,3.0,60.0,0.0,1.5,14180.0,4.804889,Pakistan,PAK,Flash flood,60.0,4000.0,4000.0,
2010,7,philippines,121.47,17.1,4.0,23.0,0.0,1.5,34780.0,5.319481,Philippines,PHL,Riverine flood,,80920.0,80920.0,
2010,7,yemen,47.92,16.73,6.0,15.0,0.0,1.5,176300.0,6.200495,Yemen,YEM,Riverine flood,15.0,,,
2010,7,sudan,36.7,18.7,33.0,33.0,10000.0,1.5,100400.0,6.696339,Sudan,SDN,Riverine flood,33.0,,10000.0,
2010,7,sudan,36.7,18.7,33.0,33.0,10000.0,1.5,100400.0,6.696339,Sudan,SDN,Riverine flood,3.0,16350.0,16362.0,
2010,7,india,86.2,25.59,3.0,0.0,5000.0,1.0,192700.0,5.762003,India,IND,Riverine flood,11.0,,,
2010,7,india,86.2,25.59,3.0,0.0,5000.0,1.0,192700.0,5.762003,India,IND,Riverine flood,53.0,,400000.0,447000.0
2010,7,japan,133.64,34.69,2.0,0.0,0.0,1.0,78650.0,5.196729,Japan,JPN,Riverine flood,10.0,,,
2010,7,saudi arabia,41.17,20.61,3.0,7.0,85.0,1.0,56000.0,5.225309,Saudi Arabia,SAU,Riverine flood,10.0,85.0,85.0,
2010,7,saudi arabia,41.17,20.61,3.0,7.0,85.0,1.0,56000.0,5.225309,Saudi Arabia,SAU,Riverine flood,14.0,,,
2010,7,india,74.78,30.19,11.0,98.0,523000.0,1.0,147400.0,6.20989,India,IND,Riverine flood,11.0,,,
2010,7,india,74.78,30.19,11.0,98.0,523000.0,1.0,147400.0,6.20989,India,IND,Riverine flood,53.0,,400000.0,447000.0
2010,6,ukraine,24.79,48.59,6.0,2.0,0.0,1.5,34500.0,5.492062,Ukraine,UKR,Riverine flood,6.0,40000.0,40059.0,1900.0
2010,6,liberia,-7.15,6.01,3.0,12.0,0.0,1.0,183800.0,5.741467,Liberia,LBR,Riverine flood,1.0,15486.0,15486.0,
2010,6,brazil,-37.78,-6.36,9.0,50.0,150000.0,2.0,320100.0,6.760558,Brazil,BRA,Riverine flood,72.0,157000.0,157000.0,602000.0
2010,6,pakistan,72.08,36.03,3.0,46.0,0.0,1.0,9326.0,4.446817,Pakistan,PAK,Riverine flood,46.0,,,
2010,6,bosnia and herzegovina,17.7,44.0,5.0,46.0,0.0,1.0,28640.0,5.155943,Bosnia and Herzegovina,BIH,Riverine flood,,14910.0,14910.0,87000.0
2010,6,romania,23.19,46.08,21.0,23.0,17500.0,2.0,56730.0,6.377062,Romania,ROU,Riverine flood,26.0,12237.0,12237.0,1111428.0
2010,6,ghana,-0.98,7.93,5.0,30.0,0.0,1.0,150900.0,5.877659,Ghana,GHA,Riverine flood,45.0,7500.0,7500.0,
2010,6,france,6.59,43.5,2.0,19.0,0.0,2.0,7700.0,4.488551,France,FRA,Flash flood,26.0,1000.0,1000.0,1500000.0
2010,6,pakistan,67.9,25.12,2.0,23.0,4000.0,1.0,59030.0,5.072103,Pakistan,PAK,Riverine flood,46.0,,,
2010,5,hungary,19.8,49.67,14.0,0.0,3000.0,1.0,175000.0,6.389166,Hungary,HUN,Riverine flood,1.0,5000.0,5000.0,440000.0
2010,5,philippines,125.3,6.78,4.0,27.0,0.0,1.0,22340.0,4.951143,Philippines,PHL,Riverine flood,27.0,40000.0,40000.0,
2010,5,india,79.48,15.22,7.0,27.0,50000.0,1.0,63170.0,5.645609,India,IND,Riverine flood,27.0,50000.0,50000.0,
2010,5,china,115.48,26.44,45.0,379.0,2370000.0,1.5,234200.0,7.198891,China,CHN,Riverine flood,1691.0,134000000.0,134000000.0,18000000.0
2010,5,india,93.12,26.63,43.0,0.0,10000.0,1.5,23810.0,6.186319,India,IND,Riverine flood,27.0,50000.0,50000.0,
2010,5,sri lanka,80.59,6.83,16.0,20.0,75000.0,1.0,19210.0,5.487647,Sri Lanka,LKA,Riverine flood,28.0,606072.0,606072.0,105000.0
2010,5,kenya,36.0,1.5,17.0,100.0,70000.0,1.5,196100.0,6.699018,Kenya,KEN,Riverine flood,100.0,70000.0,70000.0,
2010,5,tajikistan,69.5,38.22,3.0,24.0,400.0,1.0,23140.0,4.841485,Tajikistan,TJK,Riverine flood,73.0,6408.0,6708.0,204000.0
2010,5,afghanistan,62.25,34.38,11.0,70.0,40000.0,1.0,65810.0,5.859685,Afghanistan,AFG,Riverine flood,70.0,40000.0,40000.0,
2010,5,yemen,44.31,14.03,2.0,7.0,0.0,1.0,38890.0,4.890868,Yemen,YEM,Riverine flood,7.0,,1002.0,
2010,4,somalia,45.79,2.82,2.0,0.0,200.0,1.0,50290.0,5.002512,Somalia,SOM,Riverine flood,11.0,,200.0,
2010,4,brazil,-43.33,-22.44,4.0,400.0,0.0,1.0,15010.0,4.778441,Brazil,BRA,Riverine flood,256.0,74535.0,74938.0,200000.0
2010,3,kazakhstan,79.21,45.08,16.0,43.0,5000.0,2.0,323800.0,7.015427,Kazakhstan,KAZ,Riverine flood,,8000.0,13000.0,
2010,3,angola,17.25,-16.11,31.0,12.0,11500.0,1.0,274100.0,6.929271,Angola,AGO,Riverine flood,7.0,110875.0,110886.0,
2010,3,angola,17.25,-16.11,31.0,12.0,11500.0,1.0,274100.0,6.929271,Angola,AGO,Riverine flood,,,75000.0,
2010,3,kenya,34.5,0.01,58.0,26.0,2500.0,1.5,40320.0,6.54504,Kenya,KEN,Riverine flood,94.0,141164.0,141164.0,
2010,3,serbia,21.14,44.47,2.0,0.0,4000.0,1.0,46900.0,4.972203,Serbia,SRB,Flash flood,,3150.0,3150.0,
2010,3,ethiopia,45.49,9.2,11.0,0.0,16000.0,1.0,104200.0,6.05926,Ethiopia,ETH,Riverine flood,,55700.0,55700.0,
2010,3,zambia,27.74,-16.09,17.0,0.0,115.0,1.0,85510.0,6.162466,Zambia,ZMB,Riverine flood,,1200.0,1200.0,
2010,2,australia,147.96,-26.22,18.0,0.0,0.0,2.0,431700.0,7.191485,Australia,AUS,Riverine flood,,,,
2010,2,australia,147.96,-26.22,18.0,0.0,0.0,2.0,431700.0,7.191485,Australia,AUS,Riverine flood,,,,109000.0
2010,2,mozambique,34.25,-19.96,35.0,2.0,130000.0,1.0,26370.0,5.965178,Mozambique,MOZ,Riverine flood,5.0,17000.0,17000.0,
2010,2,haiti,-73.77,18.42,3.0,13.0,0.0,1.0,3836.0,4.061,Haiti,HTI,Riverine flood,27.0,22085.0,22085.0,
2010,2,haiti,-73.77,18.42,3.0,13.0,0.0,1.0,3836.0,4.061,Haiti,HTI,Flash flood,4.0,,2.0,
2010,2,spain,-4.04,38.98,2.0,32.0,1200.0,1.0,98470.0,5.294334,Spain,ESP,Riverine flood,,7500.0,7500.0,
2010,2,portugal,-16.97,32.76,2.0,32.0,0.0,2.0,483.0,3.286007,Portugal,PRT,Riverine flood,43.0,600.0,618.0,1350000.0
2010,2,peru,-78.29,-4.68,8.0,0.0,80000.0,1.0,305800.0,6.388527,Peru,PER,Riverine flood,20.0,80000.0,80000.0,
2010,2,australia,149.59,-32.42,4.0,0.0,0.0,2.0,311900.0,6.397105,Australia,AUS,Riverine flood,,,,
2010,2,australia,149.59,-32.42,4.0,0.0,0.0,2.0,311900.0,6.397105,Australia,AUS,Riverine flood,,,,109000.0
2010,2,australia,152.83,-27.22,2.0,0.0,0.0,2.0,20650.0,4.91698,Australia,AUS,Riverine flood,,,,
2010,2,australia,152.83,-27.22,2.0,0.0,0.0,2.0,20650.0,4.91698,Australia,AUS,Riverine flood,,,,109000.0
2010,2,dominican republic,-70.56,19.63,2.0,0.0,150.0,1.0,2791.0,3.74679,Dominican Republic,DOM,Flash flood,1.0,25700.0,25700.0,
2010,2,australia,145.18,-20.17,3.0,2.0,0.0,1.0,188900.0,5.753353,Australia,AUS,Riverine flood,,,,
2010,2,australia,145.18,-20.17,3.0,2.0,0.0,1.0,188900.0,5.753353,Australia,AUS,Riverine flood,,,,109000.0
2010,1,mexico,-99.0,19.94,19.0,41.0,20000.0,1.0,122600.0,6.367244,Mexico,MEX,Riverine flood,41.0,20000.0,20000.0,16000.0
2010,1,egypt,31.09,28.08,2.0,10.0,7000.0,1.5,226100.0,5.831422,Egypt,EGY,Riverine flood,12.0,3500.0,3500.0,
2010,1,panama,-82.64,9.11,3.0,0.0,1000.0,1.0,23340.0,4.845222,Panama,PAN,Riverine flood,,1000.0,1000.0,
2009,12,kenya,12.75,42.79,24.0,21.0,30000.0,1.0,176700.0,6.627448,Kenya,KEN,Riverine flood,40.0,91350.0,91350.0,
2009,12,australia,151.75,-31.17,4.0,0.0,0.0,1.0,149300.0,5.77612,Australia,AUS,Riverine flood,,200.0,200.0,
2009,12,morocco,-6.78,31.81,2.0,5.0,25.0,1.0,157500.0,5.498311,Morocco,MAR,Flash flood,5.0,7500.0,7520.0,
2009,12,peru,-75.01,-11.82,2.0,0.0,0.0,1.0,172600.0,5.538071,Peru,PER,Riverine flood,158.0,235886.0,236308.0,
2009,12,sri lanka,81.27,8.02,3.0,0.0,300000.0,1.0,15650.0,4.671636,Sri Lanka,LKA,Flash flood,3.0,300000.0,300000.0,
2009,11,saudi arabia,40.23,21.24,3.0,116.0,0.0,1.0,114600.0,5.536306,Saudi Arabia,SAU,Riverine flood,161.0,,10000.0,900000.0
2009,11,malaysia,102.36,4.99,7.0,0.0,9062.0,1.0,37560.0,5.419824,Malaysia,MYS,Riverine flood,,9082.0,9082.0,
2009,11,malaysia,102.36,4.99,7.0,0.0,9062.0,1.0,37560.0,5.419824,Malaysia,MYS,Riverine flood,,1793.0,1793.0,
2009,11,uruguay,-56.48,-31.26,18.0,12.0,22000.0,1.5,43490.0,6.069753,Uruguay,URY,Riverine flood,1.0,4000.0,4000.0,
2009,11,sri lanka,79.94,7.07,2.0,0.0,60000.0,1.0,919.9,3.264771,Sri Lanka,LKA,Flash flood,,,60000.0,
2009,11,argentina,-59.05,-32.99,9.0,0.0,1793.0,1.0,415000.0,6.572291,Argentina,ARG,Riverine flood,7.0,30618.0,30618.0,
2009,11,malaysia,100.96,5.74,7.0,0.0,1793.0,1.0,14490.0,5.006166,Malaysia,MYS,Riverine flood,,9082.0,9082.0,
2009,11,malaysia,100.96,5.74,7.0,0.0,1793.0,1.0,14490.0,5.006166,Malaysia,MYS,Riverine flood,,1793.0,1793.0,
2009,11,brazil,-43.12,-22.54,2.0,3.0,200.0,1.0,47900.0,4.981366,Brazil,BRA,Riverine flood,11.0,10000.0,10000.0,50000.0
2009,11,brazil,-43.12,-22.54,2.0,3.0,200.0,1.0,47900.0,4.981366,Brazil,BRA,Riverine flood,,680000.0,680000.0,
2009,11,brazil,-43.12,-22.54,2.0,3.0,200.0,1.0,47900.0,4.981366,Brazil,BRA,Riverine flood,3.0,,200.0,
2009,11,india,77.85,11.47,6.0,70.0,0.0,1.5,35730.0,5.507276,India,IND,Riverine flood,70.0,,8.0,64000.0
2009,11,thailand,99.91,7.47,2.0,15.0,6800.0,1.0,35580.0,4.852236,Thailand,THA,Riverine flood,15.0,200000.0,200000.0,
2009,11,mexico,-91.05,18.48,12.0,0.0,200000.0,1.5,44320.0,5.901872,Mexico,MEX,Riverine flood,,107670.0,107670.0,
2009,10,kenya,40.68,2.99,9.0,0.0,2000.0,1.0,197700.0,6.250249,Kenya,KEN,Riverine flood,16.0,44850.0,44850.0,
2009,9,niger,8.06,17.22,25.0,0.0,0.0,1.0,133600.0,6.523746,Niger,NER,Riverine flood,3.0,79129.0,79129.0,
2009,10,nepal,80.76,29.81,9.0,45.0,0.0,2.0,129700.0,6.368212,Nepal,NPL,Riverine flood,87.0,257724.0,257786.0,60000.0
2009,9,india,78.23,15.71,18.0,303.0,0.0,2.0,309700.0,7.047244,India,IND,Riverine flood,355.0,4100000.0,4100000.0,2150000.0
2009,10,italy,15.73,38.11,2.0,22.0,0.0,2.0,1227.0,3.690905,Italy,ITA,Riverine flood,35.0,,5140.0,20000.0
2009,9,viet nam,107.98,14.9,4.0,182.0,357000.0,2.0,49030.0,5.593552,Viet Nam,VNM,Riverine flood,17.0,40000.0,40000.0,
2009,9,viet nam,108.02,15.19,4.0,17.0,40000.0,1.5,47600.0,5.455758,Viet Nam,VNM,Riverine flood,17.0,40000.0,40000.0,
2009,9,mexico,-95.31,18.52,10.0,0.0,0.0,2.0,33560.0,5.826852,Mexico,MEX,Riverine flood,4.0,1500.0,1500.0,
2009,9,mexico,-95.31,18.52,10.0,0.0,0.0,2.0,33560.0,5.826852,Mexico,MEX,Riverine flood,3.0,18000.0,18000.0,
2009,9,ghana,-0.99,8.85,5.0,0.0,5000.0,2.0,73810.0,5.868115,Ghana,GHA,Riverine flood,24.0,139790.0,139790.0,
2009,9,indonesia,98.59,2.89,2.0,38.0,0.0,2.0,47760.0,5.281124,Indonesia,IDN,Flash flood,38.0,10000.0,10000.0,
2009,9,nigeria,5.68,12.26,9.0,0.0,3000.0,2.0,64200.0,6.062808,Nigeria,NGA,Riverine flood,,150000.0,150000.0,
2009,9,india,88.06,25.53,5.0,0.0,37000.0,2.0,25500.0,5.40654,India,IND,Riverine flood,355.0,4100000.0,4100000.0,2150000.0
2009,9,mexico,-99.25,19.5,10.0,0.0,0.0,1.0,34560.0,5.538574,Mexico,MEX,Riverine flood,4.0,1500.0,1500.0,
2009,9,mexico,-99.25,19.5,10.0,0.0,0.0,1.0,34560.0,5.538574,Mexico,MEX,Riverine flood,3.0,18000.0,18000.0,
2009,8,mauritania,2.94,16.45,24.0,42.0,300000.0,1.0,4814000.0,8.062717,Mauritania,MRT,Riverine flood,1.0,10000.0,10000.0,
2009,8,china,105.15,26.62,5.0,12.0,118000.0,1.0,81300.0,5.609061,China,CHN,Riverine flood,12.0,118000.0,118000.0,
2009,8,sudan,15.98,27.01,7.0,5.0,80000.0,1.0,59850.0,5.622162,Sudan,SDN,Riverine flood,20.0,111455.0,111455.0,
2009,8,senegal,-16.81,14.58,3.0,0.0,0.0,1.0,8511.0,4.407102,Senegal,SEN,Riverine flood,6.0,264000.0,264000.0,
2009,8,india,94.14,26.82,10.0,0.0,300000.0,1.0,72240.0,5.858778,India,IND,Riverine flood,52.0,,,
2009,8,india,80.75,27.63,27.0,14.0,1000000.0,1.0,84900.0,6.360271,India,IND,Riverine flood,52.0,,,
2009,8,sri lanka,80.63,8.38,2.0,0.0,0.0,1.0,4744.0,3.977175,Sri Lanka,LKA,Flash flood,,20000.0,20000.0,
2009,8,pakistan,72.25,33.92,3.0,27.0,1200.0,1.5,30560.0,5.138366,Pakistan,PAK,Flash flood,36.0,75000.0,75000.0,
2009,8,sierra leone,-12.73,8.57,2.0,7.0,300.0,1.0,11890.0,4.376212,Sierra Leone,SLE,Riverine flood,103.0,1455.0,1470.0,
2009,8,china,109.77,19.12,4.0,0.0,7250.0,1.5,30540.0,5.26302,China,CHN,Riverine flood,12.0,118000.0,118000.0,
2009,8,philippines,121.44,17.87,2.0,20.0,173000.0,1.5,24550.0,4.867173,Philippines,PHL,Riverine flood,,1578.0,1578.0,
2009,8,india,85.5,26.5,4.0,0.0,3000.0,1.5,21200.0,5.104487,India,IND,Riverine flood,52.0,,,
2009,7,philippines,125.37,7.65,11.0,10.0,200000.0,1.5,36980.0,5.785451,Philippines,PHL,Flash flood,22.0,505102.0,505102.0,22960.0
2009,7,philippines,125.37,7.65,11.0,10.0,200000.0,1.5,36980.0,5.785451,Philippines,PHL,Flash flood,,920.0,920.0,
2009,7,nepal,85.71,28.0,3.0,22.0,0.0,1.0,18730.0,4.749659,Nepal,NPL,Riverine flood,30.0,,,
2009,7,china,101.18,30.86,10.0,22.0,0.0,1.0,201100.0,6.303412,China,CHN,Riverine flood,11.0,,,
2009,7,china,101.18,30.86,10.0,22.0,0.0,1.0,201100.0,6.303412,China,CHN,Riverine flood,90.0,39372000.0,39372000.0,1000000.0
2009,7,china,101.18,30.86,10.0,22.0,0.0,1.0,201100.0,6.303412,China,CHN,Riverine flood,20.0,,38.0,33000.0
2009,7,mongolia,101.93,47.82,4.0,26.0,300.0,2.0,138900.0,6.045792,Mongolia,MNG,Riverine flood,26.0,15000.0,15000.0,94.0
2009,7,austria,15.71,47.4,4.0,0.0,0.0,1.0,2765.0,4.043755,Austria,AUT,Riverine flood,,,,
2009,7,pakistan,67.19,24.99,3.0,26.0,0.0,1.0,10370.0,4.4929,Pakistan,PAK,Riverine flood,52.0,,70.0,
2009,7,philippines,121.35,17.12,3.0,5.0,0.0,1.0,47240.0,5.151431,Philippines,PHL,Flash flood,22.0,505102.0,505102.0,22960.0
2009,7,philippines,121.35,17.12,3.0,5.0,0.0,1.0,47240.0,5.151431,Philippines,PHL,Flash flood,,920.0,920.0,
2009,7,india,74.73,15.31,7.0,0.0,0.0,1.0,63620.0,5.648692,India,IND,Flash flood,11.0,,,
2009,7,india,74.73,15.31,7.0,0.0,0.0,1.0,63620.0,5.648692,India,IND,Riverine flood,992.0,1886000.0,1886000.0,220000.0
2009,7,south africa,18.92,-33.07,5.0,11.0,20000.0,1.0,32700.0,5.213518,South Africa,ZAF,Riverine flood,11.0,20000.0,20000.0,
2009,7,mexico,-96.97,16.45,3.0,11.0,0.0,1.0,51610.0,5.189855,Mexico,MEX,Riverine flood,11.0,,,
2009,7,india,84.77,20.22,10.0,33.0,0.0,1.0,99880.0,5.999479,India,IND,Flash flood,11.0,,,
2009,7,india,84.77,20.22,10.0,33.0,0.0,1.0,99880.0,5.999479,India,IND,Riverine flood,992.0,1886000.0,1886000.0,220000.0
2009,7,china,112.71,25.31,8.0,75.0,1000000.0,1.5,542100.0,6.813261,China,CHN,Riverine flood,11.0,,,
2009,7,china,112.71,25.31,8.0,75.0,1000000.0,1.5,542100.0,6.813261,China,CHN,Riverine flood,90.0,39372000.0,39372000.0,1000000.0
2009,7,china,112.71,25.31,8.0,75.0,1000000.0,1.5,542100.0,6.813261,China,CHN,Riverine flood,20.0,,38.0,33000.0
2009,7,india,93.82,27.48,8.0,0.0,500000.0,1.0,129000.0,6.01368,India,IND,Flash flood,11.0,,,
2009,7,india,93.82,27.48,8.0,0.0,500000.0,1.0,129000.0,6.01368,India,IND,Riverine flood,992.0,1886000.0,1886000.0,220000.0
2009,7,bangladesh,89.09,25.26,4.0,6.0,0.0,1.0,49030.0,5.292522,Bangladesh,BGD,Riverine flood,10.0,,,
2009,7,bangladesh,89.09,25.26,4.0,6.0,0.0,1.0,49030.0,5.292522,Bangladesh,BGD,Riverine flood,6.0,500000.0,500000.0,
2009,7,viet nam,104.3,20.67,6.0,20.0,700000.0,1.0,69860.0,5.62238,Viet Nam,VNM,Riverine flood,20.0,700000.0,700000.0,
2009,5,botswana,23.32,-16.7,53.0,0.0,0.0,1.0,571700.0,7.481444,Botswana,BWA,Riverine flood,,3789.0,3789.0,
2009,6,austria,14.74,48.37,6.0,0.0,0.0,1.0,12250.0,4.866287,Austria,AUT,Riverine flood,1.0,,,200000.0
2009,6,china,110.28,26.85,4.0,8.0,106000.0,1.0,82900.0,5.520615,China,CHN,Riverine flood,11.0,106000.0,106000.0,59000.0
2009,6,china,110.28,26.85,4.0,8.0,106000.0,1.0,82900.0,5.520615,China,CHN,Riverine flood,16.0,,,281000.0
2009,6,ghana,-0.1,5.73,3.0,5.0,0.0,1.0,9340.0,4.447468,Ghana,GHA,Riverine flood,16.0,19755.0,19755.0,
2009,4,tajikistan,71.29,38.51,26.0,21.0,15000.0,1.5,62470.0,6.386736,Tajikistan,TJK,Riverine flood,21.0,15000.0,15000.0,1000.0
2009,5,haiti,-72.33,19.56,7.0,21.0,0.0,1.5,5754.0,4.781159,Haiti,HTI,Riverine flood,11.0,,9910.0,
2009,5,philippines,121.36,18.03,6.0,47.0,65000.0,1.5,21370.0,5.284047,Philippines,PHL,Flash flood,,34325.0,34325.0,
2009,5,philippines,121.36,18.03,6.0,47.0,65000.0,1.5,21370.0,5.284047,Philippines,PHL,Riverine flood,,715.0,715.0,
2009,4,brazil,-45.43,-3.19,23.0,39.0,408000.0,2.0,524400.0,7.382421,Brazil,BRA,Riverine flood,56.0,1150900.0,1150900.0,550000.0
2009,4,burundi,29.75,-3.27,4.0,0.0,8000.0,1.0,11710.0,4.670617,Burundi,BDI,Riverine flood,,8000.0,8000.0,
2009,4,afghanistan,63.59,33.07,25.0,0.0,1200.0,1.5,88520.0,6.521073,Afghanistan,AFG,Flash flood,19.0,2500.0,2500.0,
2009,4,canada,-67.63,47.16,9.0,0.0,200.0,1.0,20490.0,5.265784,Canada,CAN,Riverine flood,,200.0,200.0,
2009,2,zambia,24.23,-18.76,58.0,150.0,54000.0,2.0,1148000.0,8.1244,Zambia,ZMB,Riverine flood,31.0,614814.0,614814.0,
2009,3,indonesia,106.36,-6.55,1.0,99.0,1600.0,1.0,19200.0,4.283301,Indonesia,IDN,Riverine flood,64.0,1600.0,1600.0,
2009,3,indonesia,100.73,-1.21,2.0,0.0,1000.0,1.0,44400.0,4.948413,Indonesia,IDN,Riverine flood,64.0,1600.0,1600.0,
2009,3,angola,-17.08,16.68,19.0,90.0,20000.0,1.0,187900.0,6.55268,Angola,AGO,Riverine flood,60.0,220000.0,220000.0,
2009,2,south africa,30.82,-29.41,4.0,5.0,300.0,1.0,56340.0,5.352877,South Africa,ZAF,Riverine flood,3.0,300.0,300.0,
2009,2,angola,14.15,-9.84,3.0,2.0,415.0,1.0,61810.0,5.26818,Angola,AGO,Riverine flood,2.0,,415.0,
2009,2,dominican republic,-70.08,19.28,11.0,5.0,10000.0,1.0,15150.0,5.221805,Dominican Republic,DOM,Riverine flood,5.0,10000.0,10000.0,8403.0
2009,2,morocco,-6.16,32.65,12.0,24.0,2000.0,1.5,188200.0,6.529892,Morocco,MAR,Riverine flood,24.0,2000.0,2000.0,
2009,1,indonesia,120.26,-2.63,6.0,18.0,12000.0,1.0,60610.0,5.560696,Indonesia,IDN,Flash flood,18.0,12000.0,12000.0,
2009,1,algeria,0.71,29.61,2.0,33.0,0.0,1.0,132800.0,5.424228,Algeria,DZA,Riverine flood,33.0,,2548.0,
2009,1,australia,120.56,-20.11,33.0,0.0,400.0,2.0,477500.0,7.498517,Australia,AUS,Riverine flood,7.0,9000.0,9000.0,150000.0
2009,1,australia,150.68,-29.41,12.0,0.0,0.0,1.0,427400.0,6.710016,Australia,AUS,Riverine flood,7.0,9000.0,9000.0,150000.0
2009,1,philippines,124.95,7.12,2.0,5.0,200.0,1.0,17180.0,4.536053,Philippines,PHL,Riverine flood,33.0,537976.0,537991.0,6354.0
2009,1,philippines,124.95,7.12,2.0,5.0,200.0,1.0,17180.0,4.536053,Philippines,PHL,Riverine flood,,1300.0,1300.0,
2009,1,philippines,124.95,7.12,2.0,5.0,200.0,1.0,17180.0,4.536053,Philippines,PHL,Flash flood,,1345.0,1345.0,
2009,1,brazil,-44.89,-16.59,8.0,11.0,0.0,1.0,1186000.0,6.977175,Brazil,BRA,Riverine flood,16.0,1048.0,1048.0,
2009,1,romania,24.93,47.61,4.0,11.0,0.0,1.0,19410.0,4.890086,Romania,ROU,Riverine flood,11.0,,,
2009,1,fiji,178.05,-17.74,9.0,11.0,9400.0,2.0,348.6,3.7976,Fiji,FJI,Riverine flood,12.0,10556.0,10556.0,43247.0
2008,12,viet nam,107.06,16.89,12.0,9.0,20000.0,1.0,29580.0,5.550179,Viet Nam,VNM,Riverine flood,9.0,20000.0,20000.0,
2008,12,malaysia,101.1,6.64,22.0,0.0,10000.0,1.0,76570.0,6.226481,Malaysia,MYS,Flash flood,,6000.0,6000.0,
2008,12,malaysia,101.1,6.64,22.0,0.0,10000.0,1.0,76570.0,6.226481,Malaysia,MYS,Riverine flood,,2000.0,2000.0,
2009,1,philippines,125.04,8.45,11.0,28.0,200000.0,1.0,36190.0,5.599981,Philippines,PHL,Riverine flood,33.0,537976.0,537991.0,6354.0
2009,1,philippines,125.04,8.45,11.0,28.0,200000.0,1.0,36190.0,5.599981,Philippines,PHL,Riverine flood,,1300.0,1300.0,
2009,1,philippines,125.04,8.45,11.0,28.0,200000.0,1.0,36190.0,5.599981,Philippines,PHL,Flash flood,,1345.0,1345.0,
2008,12,mozambique,34.03,-22.92,23.0,25.0,3500.0,1.0,126000.0,6.462098,Mozambique,MOZ,Riverine flood,25.0,3500.0,3500.0,
2008,12,indonesia,103.14,-3.33,18.0,24.0,0.0,1.0,126700.0,6.358049,Indonesia,IDN,Riverine flood,24.0,15000.0,15000.0,
2008,12,guyana,-58.58,7.01,8.0,0.0,0.0,1.0,40000.0,5.50515,Guyana,GUY,Riverine flood,,100000.0,100000.0,
2008,12,italy,13.16,41.83,5.0,0.0,0.0,1.0,5425.0,4.43337,Italy,ITA,Riverine flood,3.0,,,278000.0
2008,12,malaysia,101.82,4.94,8.0,0.0,2000.0,1.0,58100.0,5.667266,Malaysia,MYS,Flash flood,,6000.0,6000.0,
2008,12,malaysia,101.82,4.94,8.0,0.0,2000.0,1.0,58100.0,5.667266,Malaysia,MYS,Riverine flood,,2000.0,2000.0,
2008,11,thailand,100.11,7.55,21.0,21.0,200000.0,2.0,15650.0,5.817764,Thailand,THA,Flash flood,21.0,700000.0,700000.0,11500.0
2008,12,italy,12.19,45.02,4.0,0.0,0.0,2.0,2220.0,4.249443,Italy,ITA,Riverine flood,3.0,,,278000.0
2008,11,sri lanka,80.8,8.57,13.0,61.0,171000.0,2.0,103400.0,6.429494,Sri Lanka,LKA,Flash flood,15.0,360000.0,360000.0,
2008,11,brazil,-49.34,-25.1,12.0,117.0,80000.0,2.0,103400.0,6.394732,Brazil,BRA,Riverine flood,151.0,1500000.0,1500015.0,750000.0
2008,11,australia,147.03,-21.56,4.0,21.0,1200.0,1.0,105500.0,5.625312,Australia,AUS,Riverine flood,4.0,1200.0,1200.0,275000.0
2008,11,philippines,121.35,17.95,7.0,6.0,30000.0,1.0,21770.0,5.182956,Philippines,PHL,Flash flood,10.0,239763.0,239763.0,4088.0
2008,11,cuba,-76.17,20.61,4.0,0.0,20000.0,1.5,35290.0,5.325803,Cuba,CUB,Riverine flood,,20000.0,20000.0,
2008,11,australia,151.49,-30.05,2.0,0.0,100.0,1.5,183500.0,5.740757,Australia,AUS,Riverine flood,4.0,1200.0,1200.0,275000.0
2008,11,ethiopia,43.06,0.83,5.0,11.0,500.0,1.0,25490.0,5.10534,Ethiopia,ETH,Riverine flood,11.0,23831.0,23831.0,
2008,11,kenya,35.12,0.05,3.0,0.0,28000.0,1.5,37960.0,5.232539,Kenya,KEN,Riverine flood,17.0,30770.0,30770.0,
2008,11,somalia,43.5,1.25,2.0,0.0,52000.0,1.5,111900.0,5.525951,Somalia,SOM,Flash flood,,52000.0,52000.0,
2008,10,viet nam,106.32,20.74,8.0,92.0,3000.0,2.0,74590.0,6.076801,Viet Nam,VNM,Riverine flood,99.0,600000.0,600000.0,479000.0
2008,10,viet nam,106.32,20.74,8.0,92.0,3000.0,2.0,74590.0,6.076801,Viet Nam,VNM,Flash flood,29.0,12000.0,12004.0,4000.0
2008,10,morocco,-4.77,33.73,12.0,28.0,1200.0,2.0,146700.0,6.546641,Morocco,MAR,Flash flood,30.0,20000.0,20000.0,
2008,10,yemen,49.78,15.54,2.0,69.0,6800.0,2.0,133200.0,5.726564,Yemen,YEM,Flash flood,90.0,25000.0,25064.0,400000.0
2008,10,honduras,-89.28,15.86,25.0,110.0,320000.0,2.0,96390.0,6.683002,Honduras,HND,Riverine flood,67.0,313350.0,313357.0,
2008,10,viet nam,107.46,14.9,2.0,22.0,12000.0,1.5,39090.0,5.069187,Viet Nam,VNM,Riverine flood,99.0,600000.0,600000.0,479000.0
2008,10,viet nam,107.46,14.9,2.0,22.0,12000.0,1.5,39090.0,5.069187,Viet Nam,VNM,Flash flood,29.0,12000.0,12004.0,4000.0
2008,10,costa rica,-85.96,11.48,25.0,3.0,2100.0,1.5,39420.0,6.169748,Costa Rica,CRI,Riverine flood,6.0,92000.0,92000.0,
2008,10,kenya,41.9,4.0,3.0,3.0,10000.0,1.0,45130.0,5.131587,Kenya,KEN,Riverine flood,17.0,6310.0,6310.0,
2008,10,kenya,41.9,4.0,3.0,3.0,10000.0,1.0,45130.0,5.131587,Kenya,KEN,Flash flood,3.0,6000.0,6000.0,
2008,10,china,109.82,19.16,7.0,2.0,50000.0,1.5,29940.0,5.497441,China,CHN,Riverine flood,67.0,411000.0,411000.0,29000.0
2008,10,china,109.82,19.16,7.0,2.0,50000.0,1.5,29940.0,5.497441,China,CHN,Riverine flood,3.0,50000.0,50000.0,
2008,10,rwanda,29.89,-1.72,6.0,0.0,2000.0,1.0,11140.0,4.825036,Rwanda,RWA,Riverine flood,,11295.0,11346.0,
2008,10,nicaragua,-86.37,12.06,6.0,9.0,3000.0,2.0,13950.0,5.223755,Nicaragua,NIC,Riverine flood,4.0,10663.0,10663.0,
2008,10,algeria,3.48,32.24,17.0,65.0,0.0,2.0,34760.0,6.072559,Algeria,DZA,Flash flood,93.0,59000.0,59050.0,348000.0
2008,9,thailand,103.18,17.82,23.0,0.0,0.0,1.5,165800.0,6.757404,Thailand,THA,Riverine flood,18.0,839573.0,839573.0,16000.0
2008,9,nepal,78.94,30.52,8.0,49.0,13000.0,2.0,168100.0,6.429688,Nepal,NPL,Riverine flood,50.0,180000.0,180003.0,
2008,9,india,84.41,20.95,8.0,2400.0,0.0,2.0,464300.0,6.870919,India,IND,Riverine flood,173.0,,2400000.0,
2008,9,india,84.41,20.95,8.0,2400.0,0.0,2.0,464300.0,6.870919,India,IND,Riverine flood,74.0,,,
2008,9,iraq,45.11,36.16,2.0,3.0,400.0,1.5,3310.0,3.996949,Iraq,IRQ,Riverine flood,4.0,,600.0,
2008,9,indonesia,122.52,0.68,3.0,0.0,17352.0,1.5,9851.0,4.646693,Indonesia,IDN,Riverine flood,16.0,118000.0,118000.0,1080.0
2008,8,india,94.55,27.044,10.0,900.0,1000000.0,1.5,80590.0,6.082372,India,IND,Riverine flood,47.0,2600000.0,2600000.0,20000.0
2008,8,bangladesh,90.21,21.02,10.0,0.0,600000.0,1.5,59250.0,5.94878,Bangladesh,BGD,Riverine flood,12.0,600000.0,615638.0,
2008,7,chad,18.351,9.233,37.0,0.0,200000.0,1.5,61820.0,6.535422,Chad,TCD,Riverine flood,,,6450.0,
2008,8,ethiopia,33.314,7.585,9.0,3.0,18000.0,1.5,69640.0,5.973193,Ethiopia,ETH,Flash flood,5.0,91764.0,91764.0,
2008,8,pakistan,72.63,30.74,12.0,37.0,90752.0,1.5,165900.0,6.475119,Pakistan,PAK,Riverine flood,37.0,90752.0,90752.0,
2008,8,pakistan,72.63,30.74,12.0,37.0,90752.0,1.5,165900.0,6.475119,Pakistan,PAK,Riverine flood,36.0,200000.0,200012.0,103000.0
2008,8,india,81.38,16.65,7.0,74.0,0.0,1.5,75490.0,5.899079,India,IND,Riverine flood,47.0,2600000.0,2600000.0,20000.0
2008,8,viet nam,105.21,22.05,3.0,100.0,0.0,2.0,50404.0,5.480616,Viet Nam,VNM,Riverine flood,16.0,,,
2008,8,china,113.15,22.33,4.0,0.0,42000.0,2.0,8410.0,4.827886,China,CHN,Riverine flood,20.0,810000.0,810000.0,42000.0
2008,8,china,101.55,22.62,5.0,20.0,0.0,1.5,24610.0,5.266173,China,CHN,Riverine flood,20.0,810000.0,810000.0,42000.0
2008,8,pakistan,71.7,33.92,100.0,35.0,200000.0,2.0,32490.0,6.81278,Pakistan,PAK,Riverine flood,37.0,90752.0,90752.0,
2008,8,pakistan,71.7,33.92,100.0,35.0,200000.0,2.0,32490.0,6.81278,Pakistan,PAK,Riverine flood,36.0,200000.0,200012.0,103000.0
2008,7,china,114.41,32.56,12.0,0.0,93000.0,2.0,533900.0,7.107671,China,CHN,Riverine flood,19.0,3000000.0,3000000.0,102000.0
2008,7,japan,136.38,35.88,2.0,5.0,50000.0,2.0,52420.0,5.321557,Japan,JPN,Riverine flood,5.0,50000.0,50003.0,
2008,7,india,89.79,27.5,20.0,142.0,225000.0,2.0,283800.0,7.055072,India,IND,Riverine flood,142.0,225000.0,225000.0,
2008,7,india,89.79,27.5,20.0,142.0,225000.0,2.0,283800.0,7.055072,India,IND,Riverine flood,,50000.0,50000.0,
2008,7,ukraine,24.38,48.17,9.0,40.0,172000.0,2.0,55710.0,6.001206,Ukraine,UKR,Riverine flood,38.0,224725.0,224725.0,1000000.0
2008,7,mexico,-102.79,29.79,9.0,1.0,180.0,2.0,457300.0,6.915474,Mexico,MEX,Flash flood,12.0,20000.0,20000.0,
2008,7,liberia,-10.21,6.23,1.0,0.0,0.0,1.5,33620.0,4.702689,Liberia,LBR,Riverine flood,,,340.0,
2008,7,mexico,0.0,0.0,6.0,12.0,0.0,1.5,193700.0,6.241372,Mexico,MEX,Flash flood,12.0,20000.0,20000.0,
2008,7,india,90.12,25.241,10.0,350.0,70000.0,1.5,426500.0,6.80601,India,IND,Riverine flood,142.0,225000.0,225000.0,
2008,7,india,90.12,25.241,10.0,350.0,70000.0,1.5,426500.0,6.80601,India,IND,Riverine flood,,50000.0,50000.0,
2008,6,china,112.304,23.542,4.0,0.0,0.0,1.5,374000.0,6.351023,China,CHN,Riverine flood,176.0,1600000.0,1600000.0,2200000.0
2008,6,suriname,-55.676,2.964,25.0,0.0,6500.0,1.0,62360.0,6.192846,Suriname,SUR,Riverine flood,2.0,6548.0,6548.0,
2008,6,south africa,29.87,-30.913,10.0,0.0,4000.0,1.5,47130.0,5.849389,South Africa,ZAF,Riverine flood,11.0,4000.0,4000.0,1264.0
2008,6,bangladesh,90.116,25.216,3.0,0.0,15000.0,1.0,57410.0,5.236109,Bangladesh,BGD,Riverine flood,16.0,,20002.0,
2008,6,kenya,40.71,-2.135,8.0,16.0,8658.0,1.5,40030.0,5.681567,Kenya,KEN,Riverine flood,16.0,8658.0,8658.0,
2008,6,philippines,122.269,11.634,3.0,1000.0,0.0,1.5,178300.0,5.904364,Philippines,PHL,Riverine flood,7.0,2390.0,2391.0,173.0
2008,6,philippines,122.269,11.634,3.0,1000.0,0.0,1.5,178300.0,5.904364,Philippines,PHL,Flash flood,1.0,1000.0,1000.0,
2008,6,india,91.542,25.183,23.0,65.0,500000.0,1.5,350600.0,7.082631,India,IND,Flash flood,1063.0,7900000.0,7900000.0,123000.0
2008,6,china,110.223,22.15,16.0,176.0,1600000.0,2.0,79370.0,6.404806,China,CHN,Riverine flood,176.0,1600000.0,1600000.0,2200000.0
2008,5,sri lanka,80.77,7.18,8.0,23.0,400000.0,1.5,40670.0,5.688455,Sri Lanka,LKA,Flash flood,25.0,362582.0,362582.0,
2008,5,china,105.81,26.62,10.0,64.0,5000.0,1.0,106000.0,6.025306,China,CHN,Riverine flood,64.0,538000.0,538166.0,
2008,5,china,105.81,26.62,10.0,64.0,5000.0,1.0,106000.0,6.025306,China,CHN,Riverine flood,3.0,780000.0,780000.0,19000.0
2008,5,chile,-71.949826,-35.858612,9.0,4.0,32000.0,1.0,110500.0,5.997605,Chile,CHL,Riverine flood,5.0,40000.0,40000.0,
2008,5,china,113.026318,30.865786,4.0,3.0,351.0,1.0,43960.0,5.245118,China,CHN,Riverine flood,64.0,538000.0,538166.0,
2008,5,china,113.026318,30.865786,4.0,3.0,351.0,1.0,43960.0,5.245118,China,CHN,Riverine flood,3.0,780000.0,780000.0,19000.0
2008,4,canada,-81.961098,52.152966,6.0,0.0,2000.0,1.0,3180.0,4.280578,Canada,CAN,Riverine flood,,2000.0,2000.0,
2008,4,canada,-81.961098,52.152966,6.0,0.0,2000.0,1.0,3180.0,4.280578,Canada,CAN,Riverine flood,,400.0,400.0,
2008,4,indonesia,95.772795,4.649288,5.0,0.0,34514.0,1.0,4200.0,4.322219,Indonesia,IDN,Flash flood,,34514.0,34514.0,
2008,4,canada,-77.467883,44.462137,15.0,0.0,400.0,1.5,22900.0,5.712018,Canada,CAN,Riverine flood,,2000.0,2000.0,
2008,4,canada,-77.467883,44.462137,15.0,0.0,400.0,1.5,22900.0,5.712018,Canada,CAN,Riverine flood,,400.0,400.0,
2008,3,brazil,-42.68427,-5.359342,24.0,36.0,190000.0,1.0,1120000.0,7.429429,Brazil,BRA,Riverine flood,36.0,190000.0,190000.0,360000.0
2008,3,kenya,35.221543,-0.178031,6.0,3.0,160.0,1.0,3970.0,4.376942,Kenya,KEN,Riverine flood,,700.0,700.0,
2008,3,kenya,35.221543,-0.178031,6.0,3.0,160.0,1.0,3970.0,4.376942,Kenya,KEN,Flood (General),2.0,10000.0,10000.0,
2008,3,kenya,38.165751,-3.380954,20.0,1.0,9600.0,1.0,50220.0,6.001907,Kenya,KEN,Riverine flood,,700.0,700.0,
2008,3,kenya,38.165751,-3.380954,20.0,1.0,9600.0,1.0,50220.0,6.001907,Kenya,KEN,Flood (General),2.0,10000.0,10000.0,
2008,3,indonesia,101.781899,0.537682,25.0,0.0,60000.0,1.0,80090.0,6.301518,Indonesia,IDN,Riverine flood,3.0,12000.0,12000.0,
2008,3,indonesia,101.781899,0.537682,25.0,0.0,60000.0,1.0,80090.0,6.301518,Indonesia,IDN,Riverine flood,,60000.0,60000.0,
2008,3,kenya,37.67228,2.826905,14.0,2.0,10000.0,1.0,21280.0,5.4741,Kenya,KEN,Riverine flood,,700.0,700.0,
2008,3,kenya,37.67228,2.826905,14.0,2.0,10000.0,1.0,21280.0,5.4741,Kenya,KEN,Flood (General),2.0,10000.0,10000.0,
2008,3,india,78.717242,10.762039,8.0,37.0,10000.0,1.0,144300.0,6.062356,India,IND,Flood (General),37.0,10278.0,10278.0,2000.0
2008,3,sri lanka,80.817074,7.82654,20.0,8.0,174214.0,1.0,43220.0,5.936715,Sri Lanka,LKA,Riverine flood,8.0,54323.0,54323.0,
2008,3,colombia,-75.418926,2.678116,5.0,5.0,0.0,1.0,4000.0,4.30103,Colombia,COL,Riverine flood,11.0,,,
2008,3,indonesia,112.368479,-7.126871,34.0,3.0,12000.0,1.0,16850.0,5.758079,Indonesia,IDN,Riverine flood,3.0,12000.0,12000.0,
2008,3,indonesia,112.368479,-7.126871,34.0,3.0,12000.0,1.0,16850.0,5.758079,Indonesia,IDN,Riverine flood,,60000.0,60000.0,
2008,2,kazakhstan,68.554663,42.295383,23.0,1.0,13000.0,1.0,51580.0,6.074209,Kazakhstan,KAZ,Riverine flood,1.0,13000.0,13000.0,130000.0
2008,2,indonesia,111.06369,-6.801843,20.0,11.0,3500.0,1.0,2020.0,4.606381,Indonesia,IDN,Riverine flood,3.0,88261.0,89761.0,
2008,2,indonesia,111.06369,-6.801843,20.0,11.0,3500.0,1.0,2020.0,4.606381,Indonesia,IDN,Riverine flood,11.0,3500.0,3500.0,
2008,2,indonesia,111.06369,-6.801843,20.0,11.0,3500.0,1.0,2020.0,4.606381,Indonesia,IDN,Flash flood,14.0,7000.0,7000.0,
2008,2,philippines,125.218352,11.639555,30.0,54.0,873000.0,1.0,41370.0,6.093807,Philippines,PHL,Riverine flood,63.0,875306.0,875343.0,30733.0
2008,2,zambia,23.793937,23.793937,83.0,4.0,15000.0,1.0,425700.0,7.548182,Zambia,ZMB,Riverine flood,4.0,15000.0,15000.0,
2008,2,indonesia,107.286313,-6.260593,30.0,0.0,10000.0,1.0,10430.0,5.495406,Indonesia,IDN,Riverine flood,3.0,88261.0,89761.0,
2008,2,indonesia,107.286313,-6.260593,30.0,0.0,10000.0,1.0,10430.0,5.495406,Indonesia,IDN,Riverine flood,11.0,3500.0,3500.0,
2008,2,indonesia,107.286313,-6.260593,30.0,0.0,10000.0,1.0,10430.0,5.495406,Indonesia,IDN,Flash flood,14.0,7000.0,7000.0,
2008,2,australia,149.539448,-22.464671,14.0,2.0,1000.0,2.0,44350.0,6.094052,Australia,AUS,Riverine flood,2.0,1000.0,1000.0,1100000.0
2008,2,indonesia,113.997559,-7.73908,5.0,14.0,7000.0,1.0,400.0,3.30103,Indonesia,IDN,Riverine flood,3.0,88261.0,89761.0,
2008,2,indonesia,113.997559,-7.73908,5.0,14.0,7000.0,1.0,400.0,3.30103,Indonesia,IDN,Riverine flood,11.0,3500.0,3500.0,
2008,2,indonesia,113.997559,-7.73908,5.0,14.0,7000.0,1.0,400.0,3.30103,Indonesia,IDN,Flash flood,14.0,7000.0,7000.0,
2008,2,peru,-73.012376,-10.111158,94.0,26.0,45000.0,1.0,709100.0,7.823835,Peru,PER,Riverine flood,40.0,450000.0,450012.0,
2008,2,brazil,-43.126146,-22.370537,6.0,9.0,12858.0,1.0,290.0,3.240549,Brazil,BRA,Riverine flood,9.0,12858.0,12870.0,
2008,2,indonesia,106.845305,-6.188742,6.0,3.0,88261.0,1.0,380.0,3.357935,Indonesia,IDN,Riverine flood,3.0,88261.0,89761.0,
2008,2,indonesia,106.845305,-6.188742,6.0,3.0,88261.0,1.0,380.0,3.357935,Indonesia,IDN,Riverine flood,11.0,3500.0,3500.0,
2008,2,indonesia,106.845305,-6.188742,6.0,3.0,88261.0,1.0,380.0,3.357935,Indonesia,IDN,Flash flood,14.0,7000.0,7000.0,
2008,1,namibia,17.260632,-17.048961,84.0,42.0,40000.0,1.5,164200.0,7.315744,Namibia,NAM,Riverine flood,42.0,65000.0,65000.0,
2008,1,ecuador,-79.65779,-1.247285,93.0,51.0,265000.0,2.0,75830.0,7.149354,Ecuador,ECU,Riverine flood,41.0,275000.0,289122.0,1000000.0
2008,1,indonesia,112.908294,-7.70779,5.0,3.0,40000.0,1.0,810.0,3.607455,Indonesia,IDN,Riverine flood,3.0,40000.0,40000.0,653.0
2008,1,indonesia,112.908294,-7.70779,5.0,3.0,40000.0,1.0,810.0,3.607455,Indonesia,IDN,Riverine flood,,1000.0,1000.0,
2008,1,argentina,-61.660707,-22.916695,75.0,0.0,15000.0,1.0,88120.0,6.820136,Argentina,ARG,Riverine flood,,85000.0,85000.0,
2008,1,australia,144.558883,-20.398572,19.0,0.0,3200.0,2.0,649500.0,7.392363,Australia,AUS,Riverine flood,,3200.0,3200.0,600000.0
2008,1,australia,144.558883,-20.398572,19.0,0.0,3200.0,2.0,649500.0,7.392363,Australia,AUS,Riverine flood,1.0,3000.0,3000.0,90000.0
2008,1,brazil,-47.877655,-24.495664,15.0,4.0,15000.0,1.0,23020.0,5.538197,Brazil,BRA,Riverine flood,4.0,48071.0,49506.0,
2008,1,australia,152.869795,-28.442729,7.0,1.0,3000.0,1.5,41560.0,5.639865,Australia,AUS,Riverine flood,,3200.0,3200.0,600000.0
2008,1,australia,152.869795,-28.442729,7.0,1.0,3000.0,1.5,41560.0,5.639865,Australia,AUS,Riverine flood,1.0,3000.0,3000.0,90000.0
2008,1,indonesia,106.828,-6.225,5.0,0.0,1000.0,1.0,2180.0,4.037426,Indonesia,IDN,Riverine flood,3.0,40000.0,40000.0,653.0
2008,1,indonesia,106.828,-6.225,5.0,0.0,1000.0,1.0,2180.0,4.037426,Indonesia,IDN,Riverine flood,,1000.0,1000.0,
2007,12,zambia,27.767196,-15.93998,94.0,6.0,17000.0,1.0,673000.0,7.801143,Zambia,ZMB,Riverine flood,10.0,34766.0,34766.0,
2007,12,indonesia,111.332593,-7.54216,17.0,127.0,60000.0,1.5,50690.0,6.111462,Indonesia,IDN,Riverine flood,127.0,259545.0,269515.0,
2007,12,indonesia,100.615986,-0.686119,5.0,1.0,20000.0,1.0,8850.0,4.645913,Indonesia,IDN,Riverine flood,127.0,259545.0,269515.0,
2007,12,zimbabwe,31.242024,-20.784482,49.0,26.0,10000.0,1.0,100500.0,6.692362,Zimbabwe,ZWE,Riverine flood,3.0,15000.0,15000.0,
2007,12,zimbabwe,31.242024,-20.784482,49.0,26.0,10000.0,1.0,100500.0,6.692362,Zimbabwe,ZWE,Riverine flood,24.0,2000.0,2000.0,
2007,12,indonesia,123.060127,0.610591,8.0,0.0,4500.0,1.0,1180.0,3.974972,Indonesia,IDN,Riverine flood,127.0,259545.0,269515.0,
2007,12,sri lanka,81.39874,7.721921,19.0,0.0,250000.0,1.0,7950.0,5.179121,Sri Lanka,LKA,Riverine flood,,250000.0,250000.0,
2007,12,mozambique,34.356451,-19.063406,82.0,26.0,170000.0,1.0,354600.0,7.463553,Mozambique,MOZ,Flood (General),20.0,113535.0,113535.0,100000.0
2007,12,mozambique,34.356451,-19.063406,82.0,26.0,170000.0,1.0,354600.0,7.463553,Mozambique,MOZ,Riverine flood,,,,
2007,12,zimbabwe,31.24396,-16.660582,22.0,6.0,2400.0,1.0,13370.0,5.468554,Zimbabwe,ZWE,Riverine flood,3.0,15000.0,15000.0,
2007,12,zimbabwe,31.24396,-16.660582,22.0,6.0,2400.0,1.0,13370.0,5.468554,Zimbabwe,ZWE,Riverine flood,24.0,2000.0,2000.0,
2007,12,kenya,38.688339,-3.61463,4.0,4.0,2000.0,1.0,6200.0,4.394452,Kenya,KEN,Riverine flood,4.0,2000.0,2000.0,
2007,12,malaysia,102.927912,3.894181,22.0,32.0,66000.0,1.0,82570.0,6.259245,Malaysia,MYS,Riverine flood,29.0,,29000.0,363000.0
2007,11,algeria,2.959842,36.746844,9.0,15.0,1200.0,1.0,21400.0,5.284656,Algeria,DZA,Riverine flood,14.0,1200.0,1203.0,
2007,11,philippines,122.010486,17.078169,8.0,29.0,540000.0,1.0,33590.0,5.4293,Philippines,PHL,Coastal flood,11.0,16463.0,16463.0,2520.0
2007,11,philippines,122.010486,17.078169,8.0,29.0,540000.0,1.0,33590.0,5.4293,Philippines,PHL,Coastal flood,,33571.0,33571.0,
2007,11,malawi,35.240867,-16.814057,10.0,0.0,3500.0,1.0,1630.0,4.212188,Malawi,MWI,Flash flood,,180246.0,180246.0,
2007,11,malawi,35.240867,-16.814057,10.0,0.0,3500.0,1.0,1630.0,4.212188,Malawi,MWI,Flood (General),,2000.0,2000.0,
2007,11,philippines,124.833,124.833,6.0,13.0,15000.0,1.0,11140.0,4.825036,Philippines,PHL,Coastal flood,11.0,16463.0,16463.0,2520.0
2007,11,philippines,124.833,124.833,6.0,13.0,15000.0,1.0,11140.0,4.825036,Philippines,PHL,Coastal flood,,33571.0,33571.0,
2007,11,greece,25.621967,41.739149,17.0,5.0,300.0,1.0,52770.0,5.952836,Greece,GRC,Riverine flood,2.0,600.0,600.0,
2007,11,uganda,32.585705,0.354526,4.0,4.0,3000.0,1.0,550.0,3.342423,Uganda,UGA,Riverine flood,4.0,3000.0,3000.0,
2007,11,somalia,51.017361,11.82326,2.0,3.0,3000.0,1.0,310.0,2.792392,Somalia,SOM,Flash flood,21.0,,2012.0,
2007,11,philippines,121.762961,17.568922,3.0,7.0,2000.0,1.0,25810.0,4.888909,Philippines,PHL,Coastal flood,11.0,16463.0,16463.0,2520.0
2007,11,philippines,121.762961,17.568922,3.0,7.0,2000.0,1.0,25810.0,4.888909,Philippines,PHL,Coastal flood,,33571.0,33571.0,
2007,10,mexico,-92.412998,17.669263,35.0,19.0,800000.0,1.5,35810.0,6.274164,Mexico,MEX,Riverine flood,22.0,1600000.0,1600000.0,3000000.0
2007,10,india,79.700186,12.725021,6.0,29.0,50000.0,1.0,76740.0,5.663173,India,IND,Riverine flood,29.0,50000.0,50000.0,
2007,10,philippines,123.381184,13.357486,7.0,20.0,0.0,1.0,4600.0,4.507856,Philippines,PHL,Riverine flood,20.0,,,
2007,10,brazil,-43.41533,-22.717709,4.0,6.0,2272.0,1.0,730.0,3.465383,Brazil,BRA,Riverine flood,6.0,2272.0,2272.0,
2007,10,colombia,-74.906313,7.893549,71.0,90.0,266000.0,1.0,305200.0,7.335843,Colombia,COL,Riverine flood,35.0,1162083.0,1162135.0,
2007,10,thailand,99.001663,9.721516,9.0,2.0,0.0,1.0,13140.0,5.072838,Thailand,THA,Riverine flood,2.0,100000.0,100000.0,1500.0
2007,10,india,93.970474,24.721405,8.0,2.0,30000.0,1.5,10890.0,5.116209,India,IND,Riverine flood,29.0,50000.0,50000.0,
2007,10,tunisia,9.711657,36.953117,4.0,13.0,0.0,1.0,6550.0,4.418301,Tunisia,TUN,Flash flood,16.0,5000.0,5000.0,
2007,10,costa rica,-85.437919,10.984041,15.0,37.0,10000.0,1.0,82170.0,6.090805,Costa Rica,CRI,Riverine flood,19.0,12000.0,12000.0,80000.0
2007,10,spain,-0.269475,38.637207,7.0,3.0,0.0,1.0,5050.0,4.548389,Spain,ESP,Flash flood,3.0,3600.0,3600.0,
2007,10,haiti,-76.396157,20.669526,11.0,45.0,38000.0,1.0,35310.0,5.58929,Haiti,HTI,Riverine flood,41.0,72520.0,75947.0,
2007,9,mexico,-97.850589,20.931615,4.0,5.0,33000.0,1.0,51990.0,5.31798,Mexico,MEX,Coastal flood,,55000.0,55000.0,
2007,9,brazil,-52.671442,-30.251602,9.0,4.0,4000.0,1.0,127400.0,6.059412,Brazil,BRA,Flood (General),4.0,4000.0,4000.0,
2007,9,algeria,5.788494,34.945481,4.0,18.0,0.0,1.0,78590.0,5.497427,Algeria,DZA,Flash flood,18.0,,,29500.0
2007,9,costa rica,-84.951891,10.265341,7.0,0.0,623.0,1.0,11460.0,4.904283,Costa Rica,CRI,Riverine flood,,12500.0,12500.0,
2007,9,india,86.403285,20.909634,17.0,80.0,400000.0,1.0,72010.0,6.087842,India,IND,Riverine flood,94.0,20000.0,20000.0,
2007,9,india,86.403285,20.909634,17.0,80.0,400000.0,1.0,72010.0,6.087842,India,IND,Coastal flood,80.0,7200000.0,7200000.0,275000.0
2007,9,guatemala,-90.48867,14.600657,3.0,3.0,656.0,1.0,2300.0,3.838849,Guatemala,GTM,Riverine flood,11.0,656.0,656.0,
2007,9,india,79.877978,15.706741,22.0,94.0,20000.0,1.0,90280.0,6.298014,India,IND,Riverine flood,94.0,20000.0,20000.0,
2007,9,india,79.877978,15.706741,22.0,94.0,20000.0,1.0,90280.0,6.298014,India,IND,Coastal flood,80.0,7200000.0,7200000.0,275000.0
2007,9,rwanda,29.421502,-1.67758,9.0,20.0,4000.0,1.0,1160.0,4.0187,Rwanda,RWA,Riverine flood,20.0,4000.0,4000.0,
2007,9,thailand,102.480218,16.81984,67.0,10.0,17000.0,1.0,300000.0,7.303196,Thailand,THA,Riverine flood,10.0,17000.0,17000.0,
2007,9,romania,27.239295,45.822521,7.0,7.0,1400.0,1.0,26860.0,5.274204,Romania,ROU,Riverine flood,9.0,4116.0,4116.0,
2007,9,somalia,45.426922,2.978113,34.0,4.0,8000.0,1.0,13310.0,5.655657,Somalia,SOM,Riverine flood,4.0,8000.0,8000.0,
2007,9,indonesia,116.715657,-1.076336,3.0,4.0,0.0,1.0,5690.0,4.232234,Indonesia,IDN,Flood (General),4.0,1000.0,1000.0,
2007,8,china,108.871944,32.782455,3.0,7.0,0.0,1.0,4380.0,4.118595,China,CHN,Riverine flood,17.0,213000.0,213000.0,5500.0
2007,8,china,108.871944,32.782455,3.0,7.0,0.0,1.0,4380.0,4.118595,China,CHN,Riverine flood,26.0,2430000.0,2430000.0,
2007,8,china,108.871944,32.782455,3.0,7.0,0.0,1.0,4380.0,4.118595,China,CHN,Riverine flood,11.0,,17500.0,26000.0
2007,8,senegal,-13.967824,15.474457,21.0,1.0,0.0,1.0,162800.0,6.533874,Senegal,SEN,Riverine flood,8.0,5300.0,5300.0,
2007,8,chad,19.049369,11.543839,38.0,12.0,170000.0,1.0,454800.0,7.237604,Chad,TCD,Riverine flood,12.0,170000.0,170000.0,
2007,8,chad,19.049369,11.543839,38.0,12.0,170000.0,1.0,454800.0,7.237604,Chad,TCD,Riverine flood,3.0,3000.0,3000.0,
2007,8,romania,25.602539,46.757788,3.0,2.0,0.0,1.0,32270.0,4.98592,Romania,ROU,Flash flood,3.0,960.0,960.0,
2007,8,romania,25.602539,46.757788,3.0,2.0,0.0,1.0,32270.0,4.98592,Romania,ROU,Riverine flood,2.0,1400.0,1400.0,
2007,8,liberia,-10.582305,6.505979,5.0,0.0,17000.0,1.5,2330.0,4.242417,Liberia,LBR,Riverine flood,1.0,17000.0,17000.0,
2007,8,china,104.066368,27.719041,6.0,17.0,2309.0,1.0,32590.0,5.291236,China,CHN,Riverine flood,17.0,213000.0,213000.0,5500.0
2007,8,china,104.066368,27.719041,6.0,17.0,2309.0,1.0,32590.0,5.291236,China,CHN,Riverine flood,26.0,2430000.0,2430000.0,
2007,8,china,104.066368,27.719041,6.0,17.0,2309.0,1.0,32590.0,5.291236,China,CHN,Riverine flood,11.0,,17500.0,26000.0
2007,8,yemen,45.727669,15.079443,27.0,50.0,0.0,1.0,165100.0,6.649111,Yemen,YEM,Riverine flood,50.0,,,
2007,8,uganda,34.275893,0.88127,78.0,52.0,520000.0,1.5,107800.0,7.100805,Uganda,UGA,Riverine flood,29.0,435070.0,718045.0,71.0
2007,8,cambodia,105.882012,13.279945,15.0,2.0,19000.0,1.5,64580.0,6.162281,Cambodia,KHM,Riverine flood,2.0,19000.0,19000.0,1000.0
2007,8,chad,15.109633,9.644602,7.0,3.0,3000.0,1.0,23500.0,5.216166,Chad,TCD,Riverine flood,12.0,170000.0,170000.0,
2007,8,chad,15.109633,9.644602,7.0,3.0,3000.0,1.0,23500.0,5.216166,Chad,TCD,Riverine flood,3.0,3000.0,3000.0,
2007,8,pakistan,74.338164,35.951294,3.0,22.0,0.0,1.0,16540.0,4.695657,Pakistan,PAK,Flash flood,44.0,,20.0,327118.0
2007,8,pakistan,74.338164,35.951294,3.0,22.0,0.0,1.0,16540.0,4.695657,Pakistan,PAK,Riverine flood,22.0,,,
2007,8,india,76.526785,31.238835,6.0,76.0,15000.0,1.0,191400.0,6.060093,India,IND,Riverine flood,76.0,15000.0,15000.0,
2007,8,india,76.526785,31.238835,6.0,76.0,15000.0,1.0,191400.0,6.060093,India,IND,Riverine flood,16.0,,,
2007,8,india,76.526785,31.238835,6.0,76.0,15000.0,1.0,191400.0,6.060093,India,IND,Riverine flood,15.0,500000.0,500000.0,
2007,8,pakistan,68.825675,26.019152,4.0,35.0,0.0,1.0,190100.0,5.881042,Pakistan,PAK,Flash flood,44.0,,20.0,327118.0
2007,8,pakistan,68.825675,26.019152,4.0,35.0,0.0,1.0,190100.0,5.881042,Pakistan,PAK,Riverine flood,22.0,,,
2007,8,china,118.71867,36.36925,4.0,26.0,70000.0,1.0,100100.0,5.602494,China,CHN,Riverine flood,17.0,213000.0,213000.0,5500.0
2007,8,china,118.71867,36.36925,4.0,26.0,70000.0,1.0,100100.0,5.602494,China,CHN,Riverine flood,26.0,2430000.0,2430000.0,
2007,8,china,118.71867,36.36925,4.0,26.0,70000.0,1.0,100100.0,5.602494,China,CHN,Riverine flood,11.0,,17500.0,26000.0
2007,8,india,70.925042,22.682373,8.0,12.0,0.0,1.0,133800.0,6.029546,India,IND,Riverine flood,76.0,15000.0,15000.0,
2007,8,india,70.925042,22.682373,8.0,12.0,0.0,1.0,133800.0,6.029546,India,IND,Riverine flood,16.0,,,
2007,8,india,70.925042,22.682373,8.0,12.0,0.0,1.0,133800.0,6.029546,India,IND,Riverine flood,15.0,500000.0,500000.0,
2007,8,germany,7.377695,47.7229,5.0,2.0,100.0,1.0,30940.0,5.18949,Germany,DEU,Riverine flood,1.0,,,
2007,7,indonesia,128.141163,-0.641493,14.0,0.0,3000.0,1.0,1280.0,4.253338,Indonesia,IDN,Riverine flood,15.0,2000.0,2000.0,
2007,7,indonesia,128.141163,-0.641493,14.0,0.0,3000.0,1.0,1280.0,4.253338,Indonesia,IDN,Riverine flood,58.0,5000.0,5000.0,
2007,7,indonesia,128.141163,-0.641493,14.0,0.0,3000.0,1.0,1280.0,4.253338,Indonesia,IDN,Riverine flood,88.0,3377.0,3389.0,
2007,8,mauritania,-11.322438,16.546328,30.0,2.0,15820.0,1.0,9500.0,5.454845,Mauritania,MRT,Riverine flood,1.0,500.0,500.0,
2007,8,mauritania,-11.322438,16.546328,30.0,2.0,15820.0,1.0,9500.0,5.454845,Mauritania,MRT,Riverine flood,2.0,53620.0,53620.0,
2007,8,bulgaria,26.583367,43.544254,4.0,8.0,0.0,1.0,13950.0,4.746634,Bulgaria,BGR,Riverine flood,8.0,,10.0,
2007,8,nigeria,11.74837,10.292106,79.0,101.0,140000.0,1.0,630100.0,7.697037,Nigeria,NGA,Riverine flood,68.0,50000.0,50000.0,
2007,8,nigeria,11.74837,10.292106,79.0,101.0,140000.0,1.0,630100.0,7.697037,Nigeria,NGA,Flood (General),6.0,5000.0,5000.0,
2007,8,india,86.19782,20.452499,25.0,15.0,20000.0,1.0,15360.0,5.584331,India,IND,Riverine flood,76.0,15000.0,15000.0,
2007,8,india,86.19782,20.452499,25.0,15.0,20000.0,1.0,15360.0,5.584331,India,IND,Riverine flood,16.0,,,
2007,8,india,86.19782,20.452499,25.0,15.0,20000.0,1.0,15360.0,5.584331,India,IND,Riverine flood,15.0,500000.0,500000.0,
2007,8,nigeria,3.298584,6.958003,15.0,6.0,5000.0,1.0,5270.0,4.897902,Nigeria,NGA,Riverine flood,68.0,50000.0,50000.0,
2007,8,nigeria,3.298584,6.958003,15.0,6.0,5000.0,1.0,5270.0,4.897902,Nigeria,NGA,Flood (General),6.0,5000.0,5000.0,
2007,7,ethiopia,34.499977,8.331411,69.0,17.0,42000.0,1.0,714200.0,7.692669,Ethiopia,ETH,Riverine flood,17.0,239586.0,239586.0,
2007,7,burkina faso,-4.386466,11.453236,5.0,0.0,2000.0,1.0,2435.0,4.085469,Burkina Faso,BFA,Riverine flood,52.0,92970.0,121043.0,
2007,7,south africa,19.575347,-34.09063,7.0,0.0,38000.0,1.0,20100.0,5.148294,South Africa,ZAF,Riverine flood,,38000.0,38000.0,
2007,7,nepal,84.080127,27.777213,72.0,185.0,86000.0,1.0,56920.0,6.612597,Nepal,NPL,Riverine flood,214.0,640658.0,640706.0,2400.0
2007,7,indonesia,120.198324,-3.279537,9.0,15.0,2000.0,1.0,2400.0,4.334454,Indonesia,IDN,Riverine flood,15.0,2000.0,2000.0,
2007,7,indonesia,120.198324,-3.279537,9.0,15.0,2000.0,1.0,2400.0,4.334454,Indonesia,IDN,Riverine flood,58.0,5000.0,5000.0,
2007,7,indonesia,120.198324,-3.279537,9.0,15.0,2000.0,1.0,2400.0,4.334454,Indonesia,IDN,Riverine flood,88.0,3377.0,3389.0,
2007,7,haiti,-72.291849,18.549864,2.0,4.0,300.0,1.0,44.0,1.944483,Haiti,HTI,Riverine flood,4.0,1500.0,1500.0,
2007,7,indonesia,97.513896,2.961399,4.0,0.0,500.0,1.0,7800.0,4.494155,Indonesia,IDN,Riverine flood,15.0,2000.0,2000.0,
2007,7,indonesia,97.513896,2.961399,4.0,0.0,500.0,1.0,7800.0,4.494155,Indonesia,IDN,Riverine flood,58.0,5000.0,5000.0,
2007,7,indonesia,97.513896,2.961399,4.0,0.0,500.0,1.0,7800.0,4.494155,Indonesia,IDN,Riverine flood,88.0,3377.0,3389.0,
2007,7,tajikistan,70.441581,40.748058,2.0,11.0,0.0,1.0,2110.0,3.625312,Tajikistan,TJK,Flood (General),21.0,,125.0,
2007,7,bangladesh,91.233643,23.916419,87.0,1071.0,5000000.0,1.0,150900.0,7.118208,Bangladesh,BGD,Riverine flood,1110.0,13771380.0,13771380.0,100000.0
2007,7,indonesia,121.487854,-1.73966,14.0,107.0,20000.0,1.0,4600.0,4.808886,Indonesia,IDN,Riverine flood,15.0,2000.0,2000.0,
2007,7,indonesia,121.487854,-1.73966,14.0,107.0,20000.0,1.0,4600.0,4.808886,Indonesia,IDN,Riverine flood,58.0,5000.0,5000.0,
2007,7,indonesia,121.487854,-1.73966,14.0,107.0,20000.0,1.0,4600.0,4.808886,Indonesia,IDN,Riverine flood,88.0,3377.0,3389.0,
2007,7,china,100.163684,24.098428,27.0,170.0,10000.0,1.0,165100.0,6.649111,China,CHN,Riverine flood,83.0,112600.0,112742.0,329000.0
2007,7,china,100.163684,24.098428,27.0,170.0,10000.0,1.0,165100.0,6.649111,China,CHN,Riverine flood,96.0,,30000.0,
2007,7,china,100.163684,24.098428,27.0,170.0,10000.0,1.0,165100.0,6.649111,China,CHN,Riverine flood,29.0,350000.0,350000.0,80000.0
2007,7,china,100.163684,24.098428,27.0,170.0,10000.0,1.0,165100.0,6.649111,China,CHN,Riverine flood,170.0,386000.0,386000.0,40000.0
2007,7,china,119.227685,36.684227,5.0,40.0,112600.0,1.0,96490.0,5.683452,China,CHN,Riverine flood,83.0,112600.0,112742.0,329000.0
2007,7,china,119.227685,36.684227,5.0,40.0,112600.0,1.0,96490.0,5.683452,China,CHN,Riverine flood,96.0,,30000.0,
2007,7,china,119.227685,36.684227,5.0,40.0,112600.0,1.0,96490.0,5.683452,China,CHN,Riverine flood,29.0,350000.0,350000.0,80000.0
2007,7,china,119.227685,36.684227,5.0,40.0,112600.0,1.0,96490.0,5.683452,China,CHN,Riverine flood,170.0,386000.0,386000.0,40000.0
2007,7,china,88.211962,43.090135,21.0,29.0,38500.0,1.0,812700.0,7.23215,China,CHN,Riverine flood,83.0,112600.0,112742.0,329000.0
2007,7,china,88.211962,43.090135,21.0,29.0,38500.0,1.0,812700.0,7.23215,China,CHN,Riverine flood,96.0,,30000.0,
2007,7,china,88.211962,43.090135,21.0,29.0,38500.0,1.0,812700.0,7.23215,China,CHN,Riverine flood,29.0,350000.0,350000.0,80000.0
2007,7,china,88.211962,43.090135,21.0,29.0,38500.0,1.0,812700.0,7.23215,China,CHN,Riverine flood,170.0,386000.0,386000.0,40000.0
2007,7,india,76.311485,10.390597,5.0,44.0,35000.0,1.0,24120.0,5.081347,India,IND,Riverine flood,1103.0,18700000.0,18700000.0,
2007,7,india,76.311485,10.390597,5.0,44.0,35000.0,1.0,24120.0,5.081347,India,IND,Riverine flood,96.0,11100000.0,11100000.0,
2007,7,india,76.311485,10.390597,5.0,44.0,35000.0,1.0,24120.0,5.081347,India,IND,Riverine flood,44.0,35000.0,35000.0,101151.0
2007,7,india,76.311485,10.390597,5.0,44.0,35000.0,1.0,24120.0,5.081347,India,IND,Riverine flood,,,,
2007,7,india,76.311485,10.390597,5.0,44.0,35000.0,1.0,24120.0,5.081347,India,IND,Riverine flood,225.0,63000.0,63000.0,
2007,7,india,76.311485,10.390597,5.0,44.0,35000.0,1.0,24120.0,5.081347,India,IND,Riverine flood,62.0,10000.0,10000.0,
2007,7,afghanistan,66.131443,34.530261,3.0,9.0,0.0,1.0,4110.0,4.090963,Afghanistan,AFG,Flash flood,9.0,,2500.0,
2007,7,japan,130.895313,31.686602,4.0,5.0,40000.0,1.0,37730.0,5.178747,Japan,JPN,Riverine flood,2.0,10000.0,10000.0,
2007,7,india,95.262997,27.577302,91.0,96.0,11100000.0,1.0,103600.0,6.974401,India,IND,Riverine flood,1103.0,18700000.0,18700000.0,
2007,7,india,95.262997,27.577302,91.0,96.0,11100000.0,1.0,103600.0,6.974401,India,IND,Riverine flood,96.0,11100000.0,11100000.0,
2007,7,india,95.262997,27.577302,91.0,96.0,11100000.0,1.0,103600.0,6.974401,India,IND,Riverine flood,44.0,35000.0,35000.0,101151.0
2007,7,india,95.262997,27.577302,91.0,96.0,11100000.0,1.0,103600.0,6.974401,India,IND,Riverine flood,,,,
2007,7,india,95.262997,27.577302,91.0,96.0,11100000.0,1.0,103600.0,6.974401,India,IND,Riverine flood,225.0,63000.0,63000.0,
2007,7,india,95.262997,27.577302,91.0,96.0,11100000.0,1.0,103600.0,6.974401,India,IND,Riverine flood,62.0,10000.0,10000.0,
2007,7,ethiopia,37.115352,5.445547,6.0,0.0,5800.0,1.0,19510.0,5.068409,Ethiopia,ETH,Riverine flood,17.0,239586.0,239586.0,
2007,7,japan,130.729428,32.858295,9.0,2.0,10000.0,1.0,2670.0,4.380754,Japan,JPN,Riverine flood,2.0,10000.0,10000.0,
2007,7,sudan,33.771445,12.907167,98.0,150.0,200000.0,1.0,1591000.0,8.192896,Sudan,SDN,Riverine flood,150.0,365000.0,565335.0,300000.0
2007,7,india,88.487108,22.63148,82.0,958.0,3000000.0,1.5,483900.0,7.774661,India,IND,Riverine flood,1103.0,18700000.0,18700000.0,
2007,7,india,88.487108,22.63148,82.0,958.0,3000000.0,1.5,483900.0,7.774661,India,IND,Riverine flood,96.0,11100000.0,11100000.0,
2007,7,india,88.487108,22.63148,82.0,958.0,3000000.0,1.5,483900.0,7.774661,India,IND,Riverine flood,44.0,35000.0,35000.0,101151.0
2007,7,india,88.487108,22.63148,82.0,958.0,3000000.0,1.5,483900.0,7.774661,India,IND,Riverine flood,,,,
2007,7,india,88.487108,22.63148,82.0,958.0,3000000.0,1.5,483900.0,7.774661,India,IND,Riverine flood,225.0,63000.0,63000.0,
2007,7,india,88.487108,22.63148,82.0,958.0,3000000.0,1.5,483900.0,7.774661,India,IND,Riverine flood,62.0,10000.0,10000.0,
2007,7,india,72.24951,22.023056,13.0,225.0,63000.0,1.0,398900.0,6.714807,India,IND,Riverine flood,1103.0,18700000.0,18700000.0,
2007,7,india,72.24951,22.023056,13.0,225.0,63000.0,1.0,398900.0,6.714807,India,IND,Riverine flood,96.0,11100000.0,11100000.0,
2007,7,india,72.24951,22.023056,13.0,225.0,63000.0,1.0,398900.0,6.714807,India,IND,Riverine flood,44.0,35000.0,35000.0,101151.0
2007,7,india,72.24951,22.023056,13.0,225.0,63000.0,1.0,398900.0,6.714807,India,IND,Riverine flood,,,,
2007,7,india,72.24951,22.023056,13.0,225.0,63000.0,1.0,398900.0,6.714807,India,IND,Riverine flood,225.0,63000.0,63000.0,
2007,7,india,72.24951,22.023056,13.0,225.0,63000.0,1.0,398900.0,6.714807,India,IND,Riverine flood,62.0,10000.0,10000.0,
2007,7,india,77.523744,21.026348,6.0,62.0,10000.0,1.0,106600.0,5.805908,India,IND,Riverine flood,1103.0,18700000.0,18700000.0,
2007,7,india,77.523744,21.026348,6.0,62.0,10000.0,1.0,106600.0,5.805908,India,IND,Riverine flood,96.0,11100000.0,11100000.0,
2007,7,india,77.523744,21.026348,6.0,62.0,10000.0,1.0,106600.0,5.805908,India,IND,Riverine flood,44.0,35000.0,35000.0,101151.0
2007,7,india,77.523744,21.026348,6.0,62.0,10000.0,1.0,106600.0,5.805908,India,IND,Riverine flood,,,,
2007,7,india,77.523744,21.026348,6.0,62.0,10000.0,1.0,106600.0,5.805908,India,IND,Riverine flood,225.0,63000.0,63000.0,
2007,7,india,77.523744,21.026348,6.0,62.0,10000.0,1.0,106600.0,5.805908,India,IND,Riverine flood,62.0,10000.0,10000.0,
2007,6,india,81.860109,20.053869,14.0,29.0,50000.0,1.0,240000.0,6.526339,India,IND,Riverine flood,29.0,50000.0,50000.0,
2007,6,india,81.860109,20.053869,14.0,29.0,50000.0,1.0,240000.0,6.526339,India,IND,Flash flood,127.0,200000.0,200000.0,
2007,6,india,81.860109,20.053869,14.0,29.0,50000.0,1.0,240000.0,6.526339,India,IND,Riverine flood,15.0,200000.0,200000.0,
2007,6,pakistan,71.869938,34.27492,25.0,130.0,2000.0,1.0,29410.0,5.866435,Pakistan,PAK,Riverine flood,130.0,2000.0,2000.0,
2007,6,pakistan,71.869938,34.27492,25.0,130.0,2000.0,1.0,29410.0,5.866435,Pakistan,PAK,Flash flood,22.0,500.0,500.0,
2007,6,pakistan,71.869938,34.27492,25.0,130.0,2000.0,1.0,29410.0,5.866435,Pakistan,PAK,Riverine flood,228.0,,186.0,
2007,6,australia,146.856476,-37.936133,8.0,1.0,300.0,1.5,40950.0,5.691435,Australia,AUS,Flash flood,9.0,5000.0,5000.0,1300000.0
2007,6,pakistan,67.90249,25.256271,25.0,280.0,400000.0,1.0,115800.0,6.461649,Pakistan,PAK,Riverine flood,130.0,2000.0,2000.0,
2007,6,pakistan,67.90249,25.256271,25.0,280.0,400000.0,1.0,115800.0,6.461649,Pakistan,PAK,Flash flood,22.0,500.0,500.0,
2007,6,pakistan,67.90249,25.256271,25.0,280.0,400000.0,1.0,115800.0,6.461649,Pakistan,PAK,Riverine flood,228.0,,186.0,
2007,6,afghanistan,71.140741,35.278159,10.0,113.0,4000.0,1.0,62340.0,5.794767,Afghanistan,AFG,Riverine flood,113.0,4000.0,4000.0,
2007,6,pakistan,67.135127,24.993904,3.0,230.0,0.0,1.0,2215.0,3.822495,Pakistan,PAK,Riverine flood,130.0,2000.0,2000.0,
2007,6,pakistan,67.135127,24.993904,3.0,230.0,0.0,1.0,2215.0,3.822495,Pakistan,PAK,Flash flood,22.0,500.0,500.0,
2007,6,pakistan,67.135127,24.993904,3.0,230.0,0.0,1.0,2215.0,3.822495,Pakistan,PAK,Riverine flood,228.0,,186.0,
2007,6,india,78.161545,14.944966,13.0,127.0,200000.0,1.0,449300.0,6.76648,India,IND,Riverine flood,29.0,50000.0,50000.0,
2007,6,india,78.161545,14.944966,13.0,127.0,200000.0,1.0,449300.0,6.76648,India,IND,Flash flood,127.0,200000.0,200000.0,
2007,6,india,78.161545,14.944966,13.0,127.0,200000.0,1.0,449300.0,6.76648,India,IND,Riverine flood,15.0,200000.0,200000.0,
2007,6,india,94.018895,26.255772,9.0,15.0,200000.0,1.0,74890.0,5.828666,India,IND,Riverine flood,29.0,50000.0,50000.0,
2007,6,india,94.018895,26.255772,9.0,15.0,200000.0,1.0,74890.0,5.828666,India,IND,Flash flood,127.0,200000.0,200000.0,
2007,6,india,94.018895,26.255772,9.0,15.0,200000.0,1.0,74890.0,5.828666,India,IND,Riverine flood,15.0,200000.0,200000.0,
2007,6,pakistan,72.225824,34.97581,5.0,22.0,500.0,1.0,12120.0,4.782473,Pakistan,PAK,Riverine flood,130.0,2000.0,2000.0,
2007,6,pakistan,72.225824,34.97581,5.0,22.0,500.0,1.0,12120.0,4.782473,Pakistan,PAK,Flash flood,22.0,500.0,500.0,
2007,6,pakistan,72.225824,34.97581,5.0,22.0,500.0,1.0,12120.0,4.782473,Pakistan,PAK,Riverine flood,228.0,,186.0,
2007,6,bangladesh,91.953546,22.397464,14.0,126.0,80000.0,1.0,77810.0,6.037163,Bangladesh,BGD,Riverine flood,120.0,80000.0,80060.0,14000.0
2007,6,australia,151.375371,-32.865398,6.0,9.0,5000.0,1.5,11380.0,5.010385,Australia,AUS,Flash flood,9.0,5000.0,5000.0,1300000.0
2007,6,china,112.355385,26.292801,73.0,600.0,3170000.0,1.5,1916000.0,8.32181,China,CHN,Riverine flood,,250000.0,250000.0,13000.0
2007,6,china,112.355385,26.292801,73.0,600.0,3170000.0,1.5,1916000.0,8.32181,China,CHN,Riverine flood,535.0,105000000.0,105004000.0,4425655.0
2007,6,canada,-125.032794,54.178882,9.0,0.0,500.0,1.5,205000.0,6.442088,Canada,CAN,Riverine flood,,500.0,500.0,
2007,6,china,116.143158,27.197624,6.0,0.0,8000.0,1.0,168600.0,6.005009,China,CHN,Riverine flood,,250000.0,250000.0,13000.0
2007,6,china,116.143158,27.197624,6.0,0.0,8000.0,1.0,168600.0,6.005009,China,CHN,Riverine flood,535.0,105000000.0,105004000.0,4425655.0
2007,5,dominican republic,-71.053795,19.547861,5.0,11.0,20000.0,1.0,13540.0,4.830589,Dominican Republic,DOM,Riverine flood,9.0,16000.0,16000.0,
2007,5,bulgaria,24.501635,42.523179,16.0,2.0,0.0,1.0,34010.0,5.735727,Bulgaria,BGR,Riverine flood,2.0,1000.0,1000.0,
2007,5,china,107.778235,30.282138,3.0,43.0,112000.0,1.0,43530.0,5.11591,China,CHN,Flash flood,43.0,2300000.0,2300050.0,78000.0
2007,5,spain,-4.21592,39.89405,4.0,1.0,550.0,1.0,212700.0,5.929827,Spain,ESP,Riverine flood,1.0,8000.0,8000.0,400000.0
2007,5,indonesia,116.91957,-0.1883,22.0,4.0,60000.0,1.0,34350.0,5.878349,Indonesia,IDN,Riverine flood,4.0,60000.0,60000.0,
2007,5,colombia,-75.426149,7.378356,40.0,14.0,3000.0,1.0,29770.0,6.075839,Colombia,COL,Riverine flood,13.0,3000.0,3000.0,
2007,5,china,105.414298,26.870875,2.0,3.0,0.0,1.0,3200.0,3.80618,China,CHN,Flash flood,43.0,2300000.0,2300050.0,78000.0
2007,5,kenya,39.762126,-3.59393,31.0,5.0,8500.0,1.0,13870.0,5.633438,Kenya,KEN,Riverine flood,2.0,650.0,651.0,
2007,5,afghanistan,70.600123,36.52466,5.0,34.0,0.0,1.0,15490.0,4.889021,Afghanistan,AFG,Flash flood,23.0,2000.0,2950.0,
2007,5,afghanistan,70.600123,36.52466,5.0,34.0,0.0,1.0,15490.0,4.889021,Afghanistan,AFG,Riverine flood,10.0,630.0,645.0,
2007,5,thailand,100.338679,17.211479,11.0,0.0,1000.0,1.0,38380.0,5.625498,Thailand,THA,Riverine flood,,1000.0,1000.0,
2007,5,indonesia,119.954062,-1.074528,7.0,2.0,14400.0,1.0,3360.0,4.371437,Indonesia,IDN,Riverine flood,4.0,60000.0,60000.0,
2007,5,uruguay,-55.802561,-32.765868,22.0,2.0,12000.0,1.5,104100.0,6.535965,Uruguay,URY,Riverine flood,2.0,110000.0,119200.0,45000.0
2007,5,afghanistan,68.851838,36.294888,3.0,12.0,0.0,1.0,25850.0,4.889582,Afghanistan,AFG,Flash flood,23.0,2000.0,2950.0,
2007,5,afghanistan,68.851838,36.294888,3.0,12.0,0.0,1.0,25850.0,4.889582,Afghanistan,AFG,Riverine flood,10.0,630.0,645.0,
2007,5,sri lanka,80.082226,6.494672,6.0,16.0,125000.0,1.0,3340.0,4.301898,Sri Lanka,LKA,Flash flood,15.0,121000.0,121000.0,50.0
2007,5,thailand,99.614283,11.652617,7.0,1.0,1000.0,1.0,5390.0,4.576687,Thailand,THA,Riverine flood,,1000.0,1000.0,
2007,5,indonesia,114.779037,-0.860079,25.0,0.0,3000.0,1.0,40330.0,6.003568,Indonesia,IDN,Riverine flood,4.0,60000.0,60000.0,
2007,4,colombia,-75.21143,4.50308,7.0,17.0,2000.0,1.0,1940.0,4.1329,Colombia,COL,Riverine flood,24.0,,2035.0,
2007,4,afghanistan,70.73155,37.006303,12.0,36.0,0.0,1.0,27490.0,5.518356,Afghanistan,AFG,Flash flood,1.0,125.0,160.0,
2007,4,afghanistan,70.73155,37.006303,12.0,36.0,0.0,1.0,27490.0,5.518356,Afghanistan,AFG,Flash flood,36.0,,,
2007,4,kyrgyzstan,73.829784,40.630547,9.0,0.0,0.0,1.0,17040.0,5.185712,Kyrgyzstan,KGZ,Riverine flood,,845.0,845.0,200.0
2007,4,afghanistan,69.668198,35.270227,2.0,6.0,0.0,1.0,40770.0,4.911371,Afghanistan,AFG,Flash flood,1.0,125.0,160.0,
2007,4,afghanistan,69.668198,35.270227,2.0,6.0,0.0,1.0,40770.0,4.911371,Afghanistan,AFG,Flash flood,36.0,,,
2007,4,tajikistan,69.459689,39.348182,5.0,2.0,5000.0,1.0,58420.0,5.465532,Tajikistan,TJK,Riverine flood,1.0,17184.0,17184.0,
2007,4,thailand,99.646097,7.444124,2.0,38.0,0.0,1.0,290.0,2.763428,Thailand,THA,Flash flood,38.0,,,
2007,4,algeria,4.203704,35.637617,3.0,15.0,0.0,1.0,7100.0,4.32838,Algeria,DZA,Flash flood,22.0,,,13561.0
2007,4,spain,-0.64878,41.648612,6.0,1.0,280.0,1.0,42040.0,5.401814,Spain,ESP,Riverine flood,1.0,5000.0,5000.0,
2007,3,haiti,-71.781134,19.413924,11.0,11.0,7800.0,1.0,4700.0,4.713491,Haiti,HTI,Riverine flood,14.0,15000.0,15014.0,
2007,3,argentina,-59.120441,-31.989956,39.0,12.0,65800.0,1.0,517000.0,7.304555,Argentina,ARG,Riverine flood,5.0,70000.0,70000.0,10000.0
2007,3,yemen,49.134126,16.57232,8.0,36.0,600.0,1.0,59870.0,5.680299,Yemen,YEM,Flash flood,36.0,600.0,618.0,
2007,3,indonesia,124.710013,-9.537169,6.0,0.0,3000.0,1.0,1820.0,4.038223,Indonesia,IDN,Flash flood,74.0,11530.0,11556.0,
2007,3,afghanistan,64.894731,33.245588,19.0,104.0,20000.0,1.0,656400.0,7.095922,Afghanistan,AFG,Riverine flood,104.0,20000.0,20000.0,
2007,3,fiji,177.483405,-17.771222,4.0,5.0,0.0,1.0,2550.0,4.0086,Fiji,FJI,Flash flood,5.0,,,7000.0
2007,3,algeria,3.378054,35.155863,5.0,3.0,0.0,1.0,53230.0,5.425126,Algeria,DZA,Flood (General),15.0,,,
2007,3,indonesia,120.7567,-8.566743,10.0,43.0,11530.0,1.0,3220.0,4.507856,Indonesia,IDN,Flash flood,74.0,11530.0,11556.0,
2007,2,madagascar,46.342545,-18.49001,27.0,7.0,33000.0,1.0,438800.0,7.07363,Madagascar,MDG,Coastal flood,7.0,33000.0,33000.0,
2007,2,fiji,177.483405,-17.771222,18.0,1.0,900.0,1.0,1690.0,4.483159,Fiji,FJI,Riverine flood,1.0,900.0,900.0,30000.0
2007,2,rwanda,29.478353,-1.733644,15.0,10.0,500.0,1.0,1340.0,4.303196,Rwanda,RWA,Riverine flood,10.0,500.0,500.0,9.0
2007,1,indonesia,106.827557,-6.224835,23.0,80.0,500000.0,1.5,4370.0,5.178301,Indonesia,IDN,Riverine flood,68.0,217086.0,217087.0,971000.0
2007,1,argentina,-62.882469,-25.984159,62.0,5.0,5000.0,1.0,518000.0,7.506721,Argentina,ARG,Riverine flood,5.0,60000.0,65000.0,30000.0
2007,1,peru,-74.460831,-11.474533,21.0,38.0,5000.0,1.0,31970.0,5.826962,Peru,PER,Riverine flood,17.0,47703.0,47714.0,
2007,1,malawi,32.591304,-10.6231,50.0,2.0,10000.0,1.0,259600.0,7.113275,Malawi,MWI,Riverine flood,,,2000.0,
2007,1,malawi,32.591304,-10.6231,50.0,2.0,10000.0,1.0,259600.0,7.113275,Malawi,MWI,Riverine flood,2.0,17060.0,17719.0,
2007,1,angola,13.355149,-8.874209,10.0,81.0,40000.0,1.0,1600.0,4.20412,Angola,AGO,Riverine flood,105.0,40000.0,40000.0,
2007,1,angola,13.355149,-8.874209,10.0,81.0,40000.0,1.0,1600.0,4.20412,Angola,AGO,Riverine flood,,,6000.0,
2007,1,zambia,24.370278,-12.952638,121.0,11.0,250000.0,1.0,719300.0,7.939695,Zambia,ZMB,Riverine flood,4.0,1400000.0,1400000.0,
2007,1,zambia,24.370278,-12.952638,121.0,11.0,250000.0,1.0,719300.0,7.939695,Zambia,ZMB,Riverine flood,,118755.0,118755.0,
2007,1,malaysia,103.368347,2.191714,22.0,2.0,148000.0,1.5,26380.0,5.939789,Malaysia,MYS,Riverine flood,17.0,137533.0,137533.0,605000.0
2007,1,sri lanka,80.946642,6.706132,5.0,18.0,61281.0,1.0,10420.0,4.716838,Sri Lanka,LKA,Riverine flood,18.0,35000.0,35000.0,
2007,1,indonesia,125.539888,3.557464,3.0,26.0,3990.0,1.0,380.0,3.056905,Indonesia,IDN,Riverine flood,68.0,217086.0,217087.0,971000.0
2007,1,philippines,125.216707,7.711826,15.0,6.0,24508.0,1.0,44620.0,5.825621,Philippines,PHL,Riverine flood,9.0,24508.0,24508.0,4080.0
2007,1,burundi,30.399487,-3.138971,60.0,4.0,23000.0,1.0,293400.0,7.245611,Burundi,BDI,Riverine flood,4.0,,23000.0,
2007,1,malaysia,115.906768,4.967981,19.0,1.0,3532.0,1.0,61720.0,6.06918,Malaysia,MYS,Riverine flood,17.0,137533.0,137533.0,605000.0
2007,1,mozambique,35.146252,-17.466693,67.0,46.0,165000.0,1.0,243400.0,7.212395,Mozambique,MOZ,Riverine flood,29.0,285000.0,285000.0,71000.0
2007,1,mozambique,35.146252,-17.466693,67.0,46.0,165000.0,1.0,243400.0,7.212395,Mozambique,MOZ,Riverine flood,5.0,,3500.0,
2007,1,brazil,-44.003223,-22.415518,12.0,59.0,17000.0,1.0,210600.0,6.40264,Brazil,BRA,Flash flood,59.0,200000.0,200080.0,125000.0
2007,1,yemen,43.876116,15.09748,4.0,7.0,2000.0,1.0,25390.0,5.006723,Yemen,YEM,Riverine flood,7.0,2000.0,2000.0,
2006,12,philippines,124.771148,12.444668,18.0,12.0,50000.0,1.0,1410.0,4.404492,Philippines,PHL,Riverine flood,,415618.0,415618.0,3395.0
2006,12,indonesia,97.504751,4.474578,14.0,193.0,400000.0,1.0,16200.0,5.355643,Indonesia,IDN,Flash flood,236.0,618486.0,618486.0,
2006,12,malaysia,103.222757,1.873783,23.0,16.0,90000.0,1.5,18300.0,5.80027,Malaysia,MYS,Flash flood,6.0,100000.0,100000.0,22000.0
2006,12,pakistan,66.516732,28.036345,3.0,5.0,0.0,1.0,28940.0,4.93862,Pakistan,PAK,Flood (General),20.0,,,
2006,11,haiti,-73.481808,18.497176,4.0,7.0,1500.0,1.0,6300.0,4.401401,Haiti,HTI,Flash flood,11.0,20000.0,20010.0,
2006,11,malawi,34.508206,-15.956693,3.0,5.0,8000.0,1.0,2760.0,3.91803,Malawi,MWI,Flash flood,5.0,,8000.0,
2006,11,panama,-78.710031,8.904727,10.0,11.0,1290.0,1.0,17730.0,5.248709,Panama,PAN,Riverine flood,11.0,3240.0,4530.0,
2006,11,afghanistan,63.856909,33.146225,3.0,18.0,0.0,1.0,560.0,3.225309,Afghanistan,AFG,Flash flood,166.0,17575.0,17580.0,
2006,11,afghanistan,66.125268,32.74227,3.0,50.0,0.0,1.0,11940.0,4.554126,Afghanistan,AFG,Flash flood,166.0,17575.0,17580.0,
2006,11,afghanistan,63.544008,35.621257,5.0,66.0,4500.0,1.0,5000.0,4.39794,Afghanistan,AFG,Flash flood,166.0,17575.0,17580.0,
2006,11,afghanistan,70.790926,34.219935,3.0,9.0,0.0,1.0,1400.0,3.623249,Afghanistan,AFG,Flash flood,166.0,17575.0,17580.0,
2006,11,iraq,44.810773,36.233637,3.0,20.0,18000.0,1.0,19960.0,4.777282,Iraq,IRQ,Flash flood,20.0,18000.0,18020.0,
2006,10,philippines,121.817032,17.01728,3.0,19.0,300000.0,1.0,23980.0,4.85697,Philippines,PHL,Riverine flood,3.0,4250.0,4250.0,399.0
2006,10,philippines,121.817032,17.01728,3.0,19.0,300000.0,1.0,23980.0,4.85697,Philippines,PHL,Riverine flood,2.0,40000.0,40000.0,763.0
2006,10,ethiopia,44.604344,4.635063,60.0,132.0,410000.0,1.5,504000.0,7.656673,Ethiopia,ETH,Riverine flood,80.0,361600.0,361600.0,
2006,10,india,79.932432,14.134853,10.0,47.0,225000.0,1.0,40090.0,5.603036,India,IND,Flash flood,39.0,,,
2006,10,india,79.932432,14.134853,10.0,47.0,225000.0,1.0,40090.0,5.603036,India,IND,Riverine flood,47.0,225000.0,225000.0,
2006,10,sri lanka,80.031266,7.323636,26.0,52.0,88000.0,1.0,6980.0,5.258829,Sri Lanka,LKA,Riverine flood,25.0,333000.0,333002.0,3000.0
2006,10,philippines,125.834295,7.610462,7.0,1.0,40000.0,1.0,3680.0,4.410946,Philippines,PHL,Riverine flood,3.0,4250.0,4250.0,399.0
2006,10,philippines,125.834295,7.610462,7.0,1.0,40000.0,1.0,3680.0,4.410946,Philippines,PHL,Riverine flood,2.0,40000.0,40000.0,763.0
2006,10,kenya,39.722396,0.781782,74.0,150.0,700000.0,1.0,950000.0,7.846955,Kenya,KEN,Riverine flood,30.0,30000.0,30000.0,
2006,10,kenya,39.722396,0.781782,74.0,150.0,700000.0,1.0,950000.0,7.846955,Kenya,KEN,Riverine flood,114.0,723000.0,723000.0,
2006,10,spain,-7.867695,41.650595,18.0,4.0,300.0,1.0,155300.0,6.446444,Spain,ESP,Riverine flood,2.0,289.0,289.0,
2006,10,kenya,40.005004,-3.239153,12.0,6.0,2000.0,1.0,12730.0,5.18401,Kenya,KEN,Riverine flood,30.0,30000.0,30000.0,
2006,10,kenya,40.005004,-3.239153,12.0,6.0,2000.0,1.0,12730.0,5.18401,Kenya,KEN,Riverine flood,114.0,723000.0,723000.0,
2006,10,greece,23.651958,40.763791,5.0,0.0,3000.0,1.5,17970.0,5.129609,Greece,GRC,Riverine flood,,90.0,90.0,
2006,10,greece,23.651958,40.763791,5.0,0.0,3000.0,1.5,17970.0,5.129609,Greece,GRC,Flash flood,1.0,3000.0,3000.0,5659.0
2006,10,china,102.643574,23.340556,7.0,16.0,20000.0,1.0,24770.0,5.239024,China,CHN,Riverine flood,27.0,20000.0,20004.0,
2006,9,chad,15.325347,10.325936,43.0,52.0,20000.0,1.0,768800.0,7.519282,Chad,TCD,Riverine flood,52.0,,,
2006,8,bangladesh,89.272707,23.229479,28.0,0.0,0.0,1.0,28080.0,5.895555,Bangladesh,BGD,Riverine flood,,135775.0,135775.0,
2006,8,india,73.884164,32.886368,12.0,39.0,3000.0,1.0,141400.0,6.229631,India,IND,Flash flood,19.0,15000.0,15000.0,
2006,8,india,73.884164,32.886368,12.0,39.0,3000.0,1.0,141400.0,6.229631,India,IND,Riverine flood,42.0,100000.0,100000.0,
2006,8,india,73.884164,32.886368,12.0,39.0,3000.0,1.0,141400.0,6.229631,India,IND,Riverine flood,,50000.0,50000.0,
2006,8,india,73.884164,32.886368,12.0,39.0,3000.0,1.0,141400.0,6.229631,India,IND,Riverine flood,135.0,20000.0,20000.0,
2006,8,india,73.884164,32.886368,12.0,39.0,3000.0,1.0,141400.0,6.229631,India,IND,Riverine flood,185.0,2000000.0,2000000.0,
2006,8,china,102.681828,34.69552,2.0,15.0,0.0,1.0,16920.0,4.52943,China,CHN,Flash flood,15.0,,,
2006,8,india,81.51737,27.585296,7.0,42.0,50000.0,1.0,32700.0,5.359646,India,IND,Flash flood,19.0,15000.0,15000.0,
2006,8,india,81.51737,27.585296,7.0,42.0,50000.0,1.0,32700.0,5.359646,India,IND,Riverine flood,42.0,100000.0,100000.0,
2006,8,india,81.51737,27.585296,7.0,42.0,50000.0,1.0,32700.0,5.359646,India,IND,Riverine flood,,50000.0,50000.0,
2006,8,india,81.51737,27.585296,7.0,42.0,50000.0,1.0,32700.0,5.359646,India,IND,Riverine flood,135.0,20000.0,20000.0,
2006,8,india,81.51737,27.585296,7.0,42.0,50000.0,1.0,32700.0,5.359646,India,IND,Riverine flood,185.0,2000000.0,2000000.0,
2006,8,somalia,45.444397,3.104364,48.0,5.0,0.0,1.0,37380.0,6.253881,Somalia,SOM,Riverine flood,5.0,30000.0,30000.0,
2006,8,somalia,45.444397,3.104364,48.0,5.0,0.0,1.0,37380.0,6.253881,Somalia,SOM,Flash flood,5.0,2000.0,2000.0,
2006,8,uganda,34.275807,1.384461,10.0,3.0,1680.0,1.0,4050.0,4.607455,Uganda,UGA,Riverine flood,3.0,1680.0,1680.0,
2006,8,thailand,100.017,18.764,116.0,195.0,2000000.0,1.5,175800.0,7.485568,Thailand,THA,Riverine flood,164.0,2212413.0,2212413.0,9940.0
2006,8,sudan,34.763829,13.212886,45.0,40.0,150000.0,1.0,1164000.0,7.719165,Sudan,SDN,Flash flood,,150000.0,150000.0,
2006,8,sudan,34.763829,13.212886,45.0,40.0,150000.0,1.0,1164000.0,7.719165,Sudan,SDN,Riverine flood,27.0,,6000.0,
2006,8,sudan,34.763829,13.212886,45.0,40.0,150000.0,1.0,1164000.0,7.719165,Sudan,SDN,Riverine flood,,11000.0,11000.0,
2006,8,cambodia,104.675,11.062,84.0,68.0,33000.0,1.0,143300.0,7.080525,Cambodia,KHM,Riverine flood,5.0,33000.0,33000.0,
2006,8,burkina faso,-1.02134,14.421787,70.0,4.0,70000.0,1.0,2040000.0,8.154728,Burkina Faso,BFA,Flash flood,,15610.0,15610.0,
2006,8,ethiopia,36.215,5.24,30.0,364.0,20000.0,1.0,13560.0,5.609381,Ethiopia,ETH,Flash flood,498.0,10000.0,10096.0,3200.0
2006,8,ethiopia,36.215,5.24,30.0,364.0,20000.0,1.0,13560.0,5.609381,Ethiopia,ETH,Riverine flood,364.0,8000.0,8000.0,
2006,8,ethiopia,36.215,5.24,30.0,364.0,20000.0,1.0,13560.0,5.609381,Ethiopia,ETH,Riverine flood,5.0,450.0,450.0,
2006,8,ethiopia,36.215,5.24,30.0,364.0,20000.0,1.0,13560.0,5.609381,Ethiopia,ETH,Riverine flood,2.0,6000.0,6000.0,
2006,8,ethiopia,36.215,5.24,30.0,364.0,20000.0,1.0,13560.0,5.609381,Ethiopia,ETH,Riverine flood,2.0,38000.0,38000.0,
2006,8,china,118.558,26.275,4.0,441.0,1600000.0,1.0,191400.0,5.884002,China,CHN,Flash flood,15.0,,,
2006,8,somalia,45.445,2.665,6.0,0.0,400.0,1.0,3845.0,4.363048,Somalia,SOM,Riverine flood,5.0,30000.0,30000.0,
2006,8,somalia,45.445,2.665,6.0,0.0,400.0,1.0,3845.0,4.363048,Somalia,SOM,Flash flood,5.0,2000.0,2000.0,
2006,8,ethiopia,42.185677,9.673622,4.0,256.0,10000.0,1.0,4225.0,4.227887,Ethiopia,ETH,Flash flood,498.0,10000.0,10096.0,3200.0
2006,8,ethiopia,42.185677,9.673622,4.0,256.0,10000.0,1.0,4225.0,4.227887,Ethiopia,ETH,Riverine flood,364.0,8000.0,8000.0,
2006,8,ethiopia,42.185677,9.673622,4.0,256.0,10000.0,1.0,4225.0,4.227887,Ethiopia,ETH,Riverine flood,5.0,450.0,450.0,
2006,8,ethiopia,42.185677,9.673622,4.0,256.0,10000.0,1.0,4225.0,4.227887,Ethiopia,ETH,Riverine flood,2.0,6000.0,6000.0,
2006,8,ethiopia,42.185677,9.673622,4.0,256.0,10000.0,1.0,4225.0,4.227887,Ethiopia,ETH,Riverine flood,2.0,38000.0,38000.0,
2006,8,south africa,26.294504,-33.537779,3.0,6.0,3000.0,1.0,21840.0,4.816374,South Africa,ZAF,Riverine flood,6.0,3000.0,3000.0,145000.0
2006,8,philippines,110.113498,21.111712,5.0,87.0,840000.0,1.0,162800.0,5.910624,Philippines,PHL,Flood (General),26.0,15000.0,15000.0,
2006,8,india,81.52884,18.104598,41.0,185.0,2000000.0,1.0,302800.0,7.09394,India,IND,Flash flood,19.0,15000.0,15000.0,
2006,8,india,81.52884,18.104598,41.0,185.0,2000000.0,1.0,302800.0,7.09394,India,IND,Riverine flood,42.0,100000.0,100000.0,
2006,8,india,81.52884,18.104598,41.0,185.0,2000000.0,1.0,302800.0,7.09394,India,IND,Riverine flood,,50000.0,50000.0,
2006,8,india,81.52884,18.104598,41.0,185.0,2000000.0,1.0,302800.0,7.09394,India,IND,Riverine flood,135.0,20000.0,20000.0,
2006,8,india,81.52884,18.104598,41.0,185.0,2000000.0,1.0,302800.0,7.09394,India,IND,Riverine flood,185.0,2000000.0,2000000.0,
2006,8,pakistan,67.122,25.028,1.0,12.0,0.0,1.0,2748.0,3.439017,Pakistan,PAK,Riverine flood,233.0,,775.0,
2006,8,pakistan,67.122,25.028,1.0,12.0,0.0,1.0,2748.0,3.439017,Pakistan,PAK,Riverine flood,74.0,,5050.0,
2006,8,pakistan,67.122,25.028,1.0,12.0,0.0,1.0,2748.0,3.439017,Pakistan,PAK,Flash flood,20.0,,,
2006,7,afghanistan,69.7467,34.078869,11.0,35.0,0.0,1.0,63170.0,5.841904,Afghanistan,AFG,Riverine flood,10.0,,,
2006,7,afghanistan,69.7467,34.078869,11.0,35.0,0.0,1.0,63170.0,5.841904,Afghanistan,AFG,Riverine flood,54.0,,8000.0,
2006,7,afghanistan,69.7467,34.078869,11.0,35.0,0.0,1.0,63170.0,5.841904,Afghanistan,AFG,Flash flood,12.0,,20.0,
2006,7,india,73.824174,20.194292,47.0,457.0,140000.0,1.5,681000.0,7.681336,India,IND,Riverine flood,33.0,,,
2006,7,india,73.824174,20.194292,47.0,457.0,140000.0,1.5,681000.0,7.681336,India,IND,Riverine flood,350.0,,4000065.0,3390000.0
2006,7,india,73.824174,20.194292,47.0,457.0,140000.0,1.5,681000.0,7.681336,India,IND,Riverine flood,24.0,8400.0,8400.0,
2006,7,india,73.824174,20.194292,47.0,457.0,140000.0,1.5,681000.0,7.681336,India,IND,Riverine flood,15.0,800.0,800.0,
2006,7,switzerland,7.391,46.042,2.0,0.0,3000.0,1.0,364.0,2.862131,Switzerland,CHE,Riverine flood,,3000.0,3000.0,
2006,7,china,117.283991,26.393973,5.0,36.0,1500000.0,1.0,350900.0,6.244153,China,CHN,Riverine flood,20.0,2400.0,2416.0,
2006,7,china,117.283991,26.393973,5.0,36.0,1500000.0,1.0,350900.0,6.244153,China,CHN,Riverine flood,,4000.0,4000.0,
2006,7,china,117.283991,26.393973,5.0,36.0,1500000.0,1.0,350900.0,6.244153,China,CHN,Flash flood,35.0,,,
2006,7,china,117.283991,26.393973,5.0,36.0,1500000.0,1.0,350900.0,6.244153,China,CHN,Riverine flood,1.0,1200.0,1200.0,
2006,7,china,117.283991,26.393973,5.0,36.0,1500000.0,1.0,350900.0,6.244153,China,CHN,Riverine flood,10.0,1400000.0,1400000.0,31000.0
2006,7,pakistan,73.199799,34.609786,30.0,248.0,0.0,1.0,182700.0,6.73886,Pakistan,PAK,Riverine flood,13.0,,300.0,
2006,7,pakistan,73.199799,34.609786,30.0,248.0,0.0,1.0,182700.0,6.73886,Pakistan,PAK,Riverine flood,,,,
2006,7,pakistan,73.199799,34.609786,30.0,248.0,0.0,1.0,182700.0,6.73886,Pakistan,PAK,Riverine flood,40.0,2000.0,2000.0,
2006,7,japan,130.99,31.54,5.0,4.0,4300.0,1.0,6130.0,4.48643,Japan,JPN,Riverine flood,8.0,4300.0,4300.0,
2006,7,mauritania,-15.0,17.75,3.0,7.0,1200.0,1.0,60.0,2.255273,Mauritania,MRT,Riverine flood,7.0,,1619.0,
2006,7,nigeria,7.17,9.08,3.0,4.0,40.0,1.0,1851.0,3.744528,Nigeria,NGA,Riverine flood,,2000.0,2000.0,
2006,7,china,102.18,24.66,2.0,18.0,0.0,1.0,1666.0,3.522705,China,CHN,Riverine flood,20.0,2400.0,2416.0,
2006,7,china,102.18,24.66,2.0,18.0,0.0,1.0,1666.0,3.522705,China,CHN,Riverine flood,,4000.0,4000.0,
2006,7,china,102.18,24.66,2.0,18.0,0.0,1.0,1666.0,3.522705,China,CHN,Flash flood,35.0,,,
2006,7,china,102.18,24.66,2.0,18.0,0.0,1.0,1666.0,3.522705,China,CHN,Riverine flood,1.0,1200.0,1200.0,
2006,7,china,102.18,24.66,2.0,18.0,0.0,1.0,1666.0,3.522705,China,CHN,Riverine flood,10.0,1400000.0,1400000.0,31000.0
2006,7,japan,136.22,35.34,2.0,24.0,6200.0,1.0,47890.0,4.981275,Japan,JPN,Riverine flood,8.0,4300.0,4300.0,
2006,7,nigeria,6.35,6.94,3.0,0.0,2000.0,1.0,724.0,3.33686,Nigeria,NGA,Riverine flood,,2000.0,2000.0,
2006,7,china,106.59,39.04,4.0,1.0,1200.0,1.0,1726.0,3.839101,China,CHN,Riverine flood,20.0,2400.0,2416.0,
2006,7,china,106.59,39.04,4.0,1.0,1200.0,1.0,1726.0,3.839101,China,CHN,Riverine flood,,4000.0,4000.0,
2006,7,china,106.59,39.04,4.0,1.0,1200.0,1.0,1726.0,3.839101,China,CHN,Flash flood,35.0,,,
2006,7,china,106.59,39.04,4.0,1.0,1200.0,1.0,1726.0,3.839101,China,CHN,Riverine flood,1.0,1200.0,1200.0,
2006,7,china,106.59,39.04,4.0,1.0,1200.0,1.0,1726.0,3.839101,China,CHN,Riverine flood,10.0,1400000.0,1400000.0,31000.0
2006,7,china,112.11,24.0,9.0,629.0,2450000.0,1.5,613200.0,6.917936,China,CHN,Riverine flood,20.0,2400.0,2416.0,
2006,7,china,112.11,24.0,9.0,629.0,2450000.0,1.5,613200.0,6.917936,China,CHN,Riverine flood,,4000.0,4000.0,
2006,7,china,112.11,24.0,9.0,629.0,2450000.0,1.5,613200.0,6.917936,China,CHN,Flash flood,35.0,,,
2006,7,china,112.11,24.0,9.0,629.0,2450000.0,1.5,613200.0,6.917936,China,CHN,Riverine flood,1.0,1200.0,1200.0,
2006,7,china,112.11,24.0,9.0,629.0,2450000.0,1.5,613200.0,6.917936,China,CHN,Riverine flood,10.0,1400000.0,1400000.0,31000.0
2006,7,chile,-72.64,-37.26,7.0,15.0,30000.0,1.0,5030.0,4.546666,Chile,CHL,Riverine flood,18.0,95862.0,95862.0,
2006,7,china,128.9,47.73,3.0,0.0,4000.0,1.0,1400.0,3.623249,China,CHN,Riverine flood,20.0,2400.0,2416.0,
2006,7,china,128.9,47.73,3.0,0.0,4000.0,1.0,1400.0,3.623249,China,CHN,Riverine flood,,4000.0,4000.0,
2006,7,china,128.9,47.73,3.0,0.0,4000.0,1.0,1400.0,3.623249,China,CHN,Flash flood,35.0,,,
2006,7,china,128.9,47.73,3.0,0.0,4000.0,1.0,1400.0,3.623249,China,CHN,Riverine flood,1.0,1200.0,1200.0,
2006,7,china,128.9,47.73,3.0,0.0,4000.0,1.0,1400.0,3.623249,China,CHN,Riverine flood,10.0,1400000.0,1400000.0,31000.0
2006,7,pakistan,74.16,35.27,2.0,4.0,0.0,1.0,460.0,2.963788,Pakistan,PAK,Riverine flood,13.0,,300.0,
2006,7,pakistan,74.16,35.27,2.0,4.0,0.0,1.0,460.0,2.963788,Pakistan,PAK,Riverine flood,,,,
2006,7,pakistan,74.16,35.27,2.0,4.0,0.0,1.0,460.0,2.963788,Pakistan,PAK,Riverine flood,40.0,2000.0,2000.0,
2006,7,pakistan,69.95,33.06,5.0,23.0,50.0,1.0,6980.0,4.542825,Pakistan,PAK,Riverine flood,13.0,,300.0,
2006,7,pakistan,69.95,33.06,5.0,23.0,50.0,1.0,6980.0,4.542825,Pakistan,PAK,Riverine flood,,,,
2006,7,pakistan,69.95,33.06,5.0,23.0,50.0,1.0,6980.0,4.542825,Pakistan,PAK,Riverine flood,40.0,2000.0,2000.0,
2006,7,china,109.4,22.35,5.0,8.0,130000.0,1.0,20120.0,5.002598,China,CHN,Riverine flood,20.0,2400.0,2416.0,
2006,7,china,109.4,22.35,5.0,8.0,130000.0,1.0,20120.0,5.002598,China,CHN,Riverine flood,,4000.0,4000.0,
2006,7,china,109.4,22.35,5.0,8.0,130000.0,1.0,20120.0,5.002598,China,CHN,Flash flood,35.0,,,
2006,7,china,109.4,22.35,5.0,8.0,130000.0,1.0,20120.0,5.002598,China,CHN,Riverine flood,1.0,1200.0,1200.0,
2006,7,china,109.4,22.35,5.0,8.0,130000.0,1.0,20120.0,5.002598,China,CHN,Riverine flood,10.0,1400000.0,1400000.0,31000.0
2006,7,cambodia,103.53,11.43,2.0,0.0,5000.0,1.0,11610.0,4.365862,Cambodia,KHM,Riverine flood,,5000.0,5000.0,
2006,7,china,99.13,39.43,12.0,24.0,50.0,1.0,16830.0,5.305265,China,CHN,Riverine flood,20.0,2400.0,2416.0,
2006,7,china,99.13,39.43,12.0,24.0,50.0,1.0,16830.0,5.305265,China,CHN,Riverine flood,,4000.0,4000.0,
2006,7,china,99.13,39.43,12.0,24.0,50.0,1.0,16830.0,5.305265,China,CHN,Flash flood,35.0,,,
2006,7,china,99.13,39.43,12.0,24.0,50.0,1.0,16830.0,5.305265,China,CHN,Riverine flood,1.0,1200.0,1200.0,
2006,7,china,99.13,39.43,12.0,24.0,50.0,1.0,16830.0,5.305265,China,CHN,Riverine flood,10.0,1400000.0,1400000.0,31000.0
2006,7,india,71.31,22.41,4.0,24.0,8400.0,1.0,170100.0,5.832764,India,IND,Riverine flood,33.0,,,
2006,7,india,71.31,22.41,4.0,24.0,8400.0,1.0,170100.0,5.832764,India,IND,Riverine flood,350.0,,4000065.0,3390000.0
2006,7,india,71.31,22.41,4.0,24.0,8400.0,1.0,170100.0,5.832764,India,IND,Riverine flood,24.0,8400.0,8400.0,
2006,7,india,71.31,22.41,4.0,24.0,8400.0,1.0,170100.0,5.832764,India,IND,Riverine flood,15.0,800.0,800.0,
2006,7,india,72.88,19.1,4.0,9.0,0.0,1.0,390.0,3.193125,India,IND,Riverine flood,33.0,,,
2006,7,india,72.88,19.1,4.0,9.0,0.0,1.0,390.0,3.193125,India,IND,Riverine flood,350.0,,4000065.0,3390000.0
2006,7,india,72.88,19.1,4.0,9.0,0.0,1.0,390.0,3.193125,India,IND,Riverine flood,24.0,8400.0,8400.0,
2006,7,india,72.88,19.1,4.0,9.0,0.0,1.0,390.0,3.193125,India,IND,Riverine flood,15.0,800.0,800.0,
2006,7,india,83.65,19.17,6.0,33.0,0.0,1.0,31360.0,5.274527,India,IND,Riverine flood,33.0,,,
2006,7,india,83.65,19.17,6.0,33.0,0.0,1.0,31360.0,5.274527,India,IND,Riverine flood,350.0,,4000065.0,3390000.0
2006,7,india,83.65,19.17,6.0,33.0,0.0,1.0,31360.0,5.274527,India,IND,Riverine flood,24.0,8400.0,8400.0,
2006,7,india,83.65,19.17,6.0,33.0,0.0,1.0,31360.0,5.274527,India,IND,Riverine flood,15.0,800.0,800.0,
2006,7,pakistan,72.62,35.35,2.0,22.0,0.0,1.0,1430.0,3.456366,Pakistan,PAK,Riverine flood,13.0,,300.0,
2006,7,pakistan,72.62,35.35,2.0,22.0,0.0,1.0,1430.0,3.456366,Pakistan,PAK,Riverine flood,,,,
2006,7,pakistan,72.62,35.35,2.0,22.0,0.0,1.0,1430.0,3.456366,Pakistan,PAK,Riverine flood,40.0,2000.0,2000.0,
2006,7,afghanistan,69.13,35.95,2.0,7.0,0.0,1.0,1570.0,3.49693,Afghanistan,AFG,Riverine flood,10.0,,,
2006,7,afghanistan,69.13,35.95,2.0,7.0,0.0,1.0,1570.0,3.49693,Afghanistan,AFG,Riverine flood,54.0,,8000.0,
2006,7,afghanistan,69.13,35.95,2.0,7.0,0.0,1.0,1570.0,3.49693,Afghanistan,AFG,Flash flood,12.0,,20.0,
2006,7,china,83.77,43.32,4.0,20.0,16.0,1.0,138200.0,5.742568,China,CHN,Riverine flood,20.0,2400.0,2416.0,
2006,7,china,83.77,43.32,4.0,20.0,16.0,1.0,138200.0,5.742568,China,CHN,Riverine flood,,4000.0,4000.0,
2006,7,china,83.77,43.32,4.0,20.0,16.0,1.0,138200.0,5.742568,China,CHN,Flash flood,35.0,,,
2006,7,china,83.77,43.32,4.0,20.0,16.0,1.0,138200.0,5.742568,China,CHN,Riverine flood,1.0,1200.0,1200.0,
2006,7,china,83.77,43.32,4.0,20.0,16.0,1.0,138200.0,5.742568,China,CHN,Riverine flood,10.0,1400000.0,1400000.0,31000.0
2006,7,ukraine,34.62,45.09,2.0,2.0,0.0,1.0,600.0,3.079181,Ukraine,UKR,Riverine flood,2.0,5000.0,5000.0,23855.0
2006,6,china,120.96,40.7,2.0,8.0,0.0,1.0,30.0,1.778151,China,CHN,Riverine flood,42.0,10000.0,10009.0,11000.0
2006,6,china,120.96,40.7,2.0,8.0,0.0,1.0,30.0,1.778151,China,CHN,Flash flood,50.0,,12000.0,141000.0
2006,6,china,120.96,40.7,2.0,8.0,0.0,1.0,30.0,1.778151,China,CHN,Riverine flood,6.0,270000.0,270000.0,6500.0
2006,6,china,120.96,40.7,2.0,8.0,0.0,1.0,30.0,1.778151,China,CHN,Riverine flood,2.0,1410000.0,1410000.0,
2006,6,china,120.96,40.7,2.0,8.0,0.0,1.0,30.0,1.778151,China,CHN,Riverine flood,21.0,4600000.0,4600024.0,
2006,6,china,120.96,40.7,2.0,8.0,0.0,1.0,30.0,1.778151,China,CHN,Riverine flood,23.0,5000.0,5000.0,
2006,6,china,120.96,40.7,2.0,8.0,0.0,1.0,30.0,1.778151,China,CHN,Riverine flood,30.0,4120000.0,4120000.0,679000.0
2006,6,china,120.96,40.7,2.0,8.0,0.0,1.0,30.0,1.778151,China,CHN,Riverine flood,29.0,2375000.0,2375016.0,
2006,6,romania,25.95,47.8,4.0,21.0,600.0,1.0,1120.0,3.651278,Romania,ROU,Riverine flood,1.0,600.0,600.0,
2006,6,romania,25.95,47.8,4.0,21.0,600.0,1.0,1120.0,3.651278,Romania,ROU,Riverine flood,15.0,6260.0,6260.0,
2006,6,romania,25.95,47.8,4.0,21.0,600.0,1.0,1120.0,3.651278,Romania,ROU,Riverine flood,12.0,10800.0,10800.0,
2006,6,china,117.03,34.04,9.0,30.0,44400.0,1.0,43710.0,5.594823,China,CHN,Riverine flood,42.0,10000.0,10009.0,11000.0
2006,6,china,117.03,34.04,9.0,30.0,44400.0,1.0,43710.0,5.594823,China,CHN,Flash flood,50.0,,12000.0,141000.0
2006,6,china,117.03,34.04,9.0,30.0,44400.0,1.0,43710.0,5.594823,China,CHN,Riverine flood,6.0,270000.0,270000.0,6500.0
2006,6,china,117.03,34.04,9.0,30.0,44400.0,1.0,43710.0,5.594823,China,CHN,Riverine flood,2.0,1410000.0,1410000.0,
2006,6,china,117.03,34.04,9.0,30.0,44400.0,1.0,43710.0,5.594823,China,CHN,Riverine flood,21.0,4600000.0,4600024.0,
2006,6,china,117.03,34.04,9.0,30.0,44400.0,1.0,43710.0,5.594823,China,CHN,Riverine flood,23.0,5000.0,5000.0,
2006,6,china,117.03,34.04,9.0,30.0,44400.0,1.0,43710.0,5.594823,China,CHN,Riverine flood,30.0,4120000.0,4120000.0,679000.0
2006,6,china,117.03,34.04,9.0,30.0,44400.0,1.0,43710.0,5.594823,China,CHN,Riverine flood,29.0,2375000.0,2375016.0,
2006,6,china,105.73,28.47,11.0,50.0,10000.0,1.0,109600.0,6.081203,China,CHN,Riverine flood,42.0,10000.0,10009.0,11000.0
2006,6,china,105.73,28.47,11.0,50.0,10000.0,1.0,109600.0,6.081203,China,CHN,Flash flood,50.0,,12000.0,141000.0
2006,6,china,105.73,28.47,11.0,50.0,10000.0,1.0,109600.0,6.081203,China,CHN,Riverine flood,6.0,270000.0,270000.0,6500.0
2006,6,china,105.73,28.47,11.0,50.0,10000.0,1.0,109600.0,6.081203,China,CHN,Riverine flood,2.0,1410000.0,1410000.0,
2006,6,china,105.73,28.47,11.0,50.0,10000.0,1.0,109600.0,6.081203,China,CHN,Riverine flood,21.0,4600000.0,4600024.0,
2006,6,china,105.73,28.47,11.0,50.0,10000.0,1.0,109600.0,6.081203,China,CHN,Riverine flood,23.0,5000.0,5000.0,
2006,6,china,105.73,28.47,11.0,50.0,10000.0,1.0,109600.0,6.081203,China,CHN,Riverine flood,30.0,4120000.0,4120000.0,679000.0
2006,6,china,105.73,28.47,11.0,50.0,10000.0,1.0,109600.0,6.081203,China,CHN,Riverine flood,29.0,2375000.0,2375016.0,
2006,6,honduras,-88.07,14.9,7.0,4.0,1500.0,1.0,9980.0,4.844229,Honduras,HND,Riverine flood,4.0,1500.0,1500.0,8000.0
2006,6,china,108.45,26.01,2.0,4.0,5000.0,1.0,11360.0,4.356408,China,CHN,Riverine flood,42.0,10000.0,10009.0,11000.0
2006,6,china,108.45,26.01,2.0,4.0,5000.0,1.0,11360.0,4.356408,China,CHN,Flash flood,50.0,,12000.0,141000.0
2006,6,china,108.45,26.01,2.0,4.0,5000.0,1.0,11360.0,4.356408,China,CHN,Riverine flood,6.0,270000.0,270000.0,6500.0
2006,6,china,108.45,26.01,2.0,4.0,5000.0,1.0,11360.0,4.356408,China,CHN,Riverine flood,2.0,1410000.0,1410000.0,
2006,6,china,108.45,26.01,2.0,4.0,5000.0,1.0,11360.0,4.356408,China,CHN,Riverine flood,21.0,4600000.0,4600024.0,
2006,6,china,108.45,26.01,2.0,4.0,5000.0,1.0,11360.0,4.356408,China,CHN,Riverine flood,23.0,5000.0,5000.0,
2006,6,china,108.45,26.01,2.0,4.0,5000.0,1.0,11360.0,4.356408,China,CHN,Riverine flood,30.0,4120000.0,4120000.0,679000.0
2006,6,china,108.45,26.01,2.0,4.0,5000.0,1.0,11360.0,4.356408,China,CHN,Riverine flood,29.0,2375000.0,2375016.0,
2006,6,china,111.06,27.06,2.0,25.0,123000.0,1.0,34990.0,4.844974,China,CHN,Riverine flood,42.0,10000.0,10009.0,11000.0
2006,6,china,111.06,27.06,2.0,25.0,123000.0,1.0,34990.0,4.844974,China,CHN,Flash flood,50.0,,12000.0,141000.0
2006,6,china,111.06,27.06,2.0,25.0,123000.0,1.0,34990.0,4.844974,China,CHN,Riverine flood,6.0,270000.0,270000.0,6500.0
2006,6,china,111.06,27.06,2.0,25.0,123000.0,1.0,34990.0,4.844974,China,CHN,Riverine flood,2.0,1410000.0,1410000.0,
2006,6,china,111.06,27.06,2.0,25.0,123000.0,1.0,34990.0,4.844974,China,CHN,Riverine flood,21.0,4600000.0,4600024.0,
2006,6,china,111.06,27.06,2.0,25.0,123000.0,1.0,34990.0,4.844974,China,CHN,Riverine flood,23.0,5000.0,5000.0,
2006,6,china,111.06,27.06,2.0,25.0,123000.0,1.0,34990.0,4.844974,China,CHN,Riverine flood,30.0,4120000.0,4120000.0,679000.0
2006,6,china,111.06,27.06,2.0,25.0,123000.0,1.0,34990.0,4.844974,China,CHN,Riverine flood,29.0,2375000.0,2375016.0,
2006,6,indonesia,115.49,-3.29,5.0,26.0,3000.0,1.0,23710.0,5.073902,Indonesia,IDN,Flood (General),41.0,,,
2006,6,indonesia,115.49,-3.29,5.0,26.0,3000.0,1.0,23710.0,5.073902,Indonesia,IDN,Flash flood,236.0,28505.0,29231.0,55200.0
2006,6,indonesia,115.49,-3.29,5.0,26.0,3000.0,1.0,23710.0,5.073902,Indonesia,IDN,Flash flood,52.0,18250.0,18250.0,
2006,6,indonesia,115.49,-3.29,5.0,26.0,3000.0,1.0,23710.0,5.073902,Indonesia,IDN,Riverine flood,,5000.0,5000.0,
2006,6,india,83.67,25.62,41.0,160.0,0.0,1.0,506600.0,7.317449,India,IND,Riverine flood,130.0,300000.0,300000.0,
2006,6,indonesia,123.01,0.55,5.0,0.0,5000.0,1.0,890.0,3.64836,Indonesia,IDN,Flood (General),41.0,,,
2006,6,indonesia,123.01,0.55,5.0,0.0,5000.0,1.0,890.0,3.64836,Indonesia,IDN,Flash flood,236.0,28505.0,29231.0,55200.0
2006,6,indonesia,123.01,0.55,5.0,0.0,5000.0,1.0,890.0,3.64836,Indonesia,IDN,Flash flood,52.0,18250.0,18250.0,
2006,6,indonesia,123.01,0.55,5.0,0.0,5000.0,1.0,890.0,3.64836,Indonesia,IDN,Riverine flood,,5000.0,5000.0,
2006,6,romania,24.15,47.46,7.0,12.0,626.0,1.0,5540.0,4.588608,Romania,ROU,Riverine flood,1.0,600.0,600.0,
2006,6,romania,24.15,47.46,7.0,12.0,626.0,1.0,5540.0,4.588608,Romania,ROU,Riverine flood,15.0,6260.0,6260.0,
2006,6,romania,24.15,47.46,7.0,12.0,626.0,1.0,5540.0,4.588608,Romania,ROU,Riverine flood,12.0,10800.0,10800.0,
2006,6,indonesia,120.11,-5.17,5.0,291.0,7580.0,1.0,3100.0,4.190332,Indonesia,IDN,Flood (General),41.0,,,
2006,6,indonesia,120.11,-5.17,5.0,291.0,7580.0,1.0,3100.0,4.190332,Indonesia,IDN,Flash flood,236.0,28505.0,29231.0,55200.0
2006,6,indonesia,120.11,-5.17,5.0,291.0,7580.0,1.0,3100.0,4.190332,Indonesia,IDN,Flash flood,52.0,18250.0,18250.0,
2006,6,indonesia,120.11,-5.17,5.0,291.0,7580.0,1.0,3100.0,4.190332,Indonesia,IDN,Riverine flood,,5000.0,5000.0,
2006,6,china,116.87,24.73,3.0,2.0,5000.0,1.0,36280.0,5.036789,China,CHN,Riverine flood,42.0,10000.0,10009.0,11000.0
2006,6,china,116.87,24.73,3.0,2.0,5000.0,1.0,36280.0,5.036789,China,CHN,Flash flood,50.0,,12000.0,141000.0
2006,6,china,116.87,24.73,3.0,2.0,5000.0,1.0,36280.0,5.036789,China,CHN,Riverine flood,6.0,270000.0,270000.0,6500.0
2006,6,china,116.87,24.73,3.0,2.0,5000.0,1.0,36280.0,5.036789,China,CHN,Riverine flood,2.0,1410000.0,1410000.0,
2006,6,china,116.87,24.73,3.0,2.0,5000.0,1.0,36280.0,5.036789,China,CHN,Riverine flood,21.0,4600000.0,4600024.0,
2006,6,china,116.87,24.73,3.0,2.0,5000.0,1.0,36280.0,5.036789,China,CHN,Riverine flood,23.0,5000.0,5000.0,
2006,6,china,116.87,24.73,3.0,2.0,5000.0,1.0,36280.0,5.036789,China,CHN,Riverine flood,30.0,4120000.0,4120000.0,679000.0
2006,6,china,116.87,24.73,3.0,2.0,5000.0,1.0,36280.0,5.036789,China,CHN,Riverine flood,29.0,2375000.0,2375016.0,
2006,6,china,112.75,26.2,4.0,2.0,50000.0,1.0,58070.0,5.366012,China,CHN,Riverine flood,42.0,10000.0,10009.0,11000.0
2006,6,china,112.75,26.2,4.0,2.0,50000.0,1.0,58070.0,5.366012,China,CHN,Flash flood,50.0,,12000.0,141000.0
2006,6,china,112.75,26.2,4.0,2.0,50000.0,1.0,58070.0,5.366012,China,CHN,Riverine flood,6.0,270000.0,270000.0,6500.0
2006,6,china,112.75,26.2,4.0,2.0,50000.0,1.0,58070.0,5.366012,China,CHN,Riverine flood,2.0,1410000.0,1410000.0,
2006,6,china,112.75,26.2,4.0,2.0,50000.0,1.0,58070.0,5.366012,China,CHN,Riverine flood,21.0,4600000.0,4600024.0,
2006,6,china,112.75,26.2,4.0,2.0,50000.0,1.0,58070.0,5.366012,China,CHN,Riverine flood,23.0,5000.0,5000.0,
2006,6,china,112.75,26.2,4.0,2.0,50000.0,1.0,58070.0,5.366012,China,CHN,Riverine flood,30.0,4120000.0,4120000.0,679000.0
2006,6,china,112.75,26.2,4.0,2.0,50000.0,1.0,58070.0,5.366012,China,CHN,Riverine flood,29.0,2375000.0,2375016.0,
2006,6,china,106.51,25.51,5.0,52.0,5900.0,1.0,11680.0,4.766413,China,CHN,Riverine flood,42.0,10000.0,10009.0,11000.0
2006,6,china,106.51,25.51,5.0,52.0,5900.0,1.0,11680.0,4.766413,China,CHN,Flash flood,50.0,,12000.0,141000.0
2006,6,china,106.51,25.51,5.0,52.0,5900.0,1.0,11680.0,4.766413,China,CHN,Riverine flood,6.0,270000.0,270000.0,6500.0
2006,6,china,106.51,25.51,5.0,52.0,5900.0,1.0,11680.0,4.766413,China,CHN,Riverine flood,2.0,1410000.0,1410000.0,
2006,6,china,106.51,25.51,5.0,52.0,5900.0,1.0,11680.0,4.766413,China,CHN,Riverine flood,21.0,4600000.0,4600024.0,
2006,6,china,106.51,25.51,5.0,52.0,5900.0,1.0,11680.0,4.766413,China,CHN,Riverine flood,23.0,5000.0,5000.0,
2006,6,china,106.51,25.51,5.0,52.0,5900.0,1.0,11680.0,4.766413,China,CHN,Riverine flood,30.0,4120000.0,4120000.0,679000.0
2006,6,china,106.51,25.51,5.0,52.0,5900.0,1.0,11680.0,4.766413,China,CHN,Riverine flood,29.0,2375000.0,2375016.0,
2006,6,china,111.38,23.42,8.0,21.0,195500.0,1.0,4210.0,4.527372,China,CHN,Riverine flood,42.0,10000.0,10009.0,11000.0
2006,6,china,111.38,23.42,8.0,21.0,195500.0,1.0,4210.0,4.527372,China,CHN,Flash flood,50.0,,12000.0,141000.0
2006,6,china,111.38,23.42,8.0,21.0,195500.0,1.0,4210.0,4.527372,China,CHN,Riverine flood,6.0,270000.0,270000.0,6500.0
2006,6,china,111.38,23.42,8.0,21.0,195500.0,1.0,4210.0,4.527372,China,CHN,Riverine flood,2.0,1410000.0,1410000.0,
2006,6,china,111.38,23.42,8.0,21.0,195500.0,1.0,4210.0,4.527372,China,CHN,Riverine flood,21.0,4600000.0,4600024.0,
2006,6,china,111.38,23.42,8.0,21.0,195500.0,1.0,4210.0,4.527372,China,CHN,Riverine flood,23.0,5000.0,5000.0,
2006,6,china,111.38,23.42,8.0,21.0,195500.0,1.0,4210.0,4.527372,China,CHN,Riverine flood,30.0,4120000.0,4120000.0,679000.0
2006,6,china,111.38,23.42,8.0,21.0,195500.0,1.0,4210.0,4.527372,China,CHN,Riverine flood,29.0,2375000.0,2375016.0,
2006,6,poland,20.93,49.5,3.0,0.0,600.0,1.0,27580.0,4.917716,Poland,POL,Riverine flood,,500.0,500.0,
2006,5,canada,-99.99,67.93,8.0,0.0,300.0,1.0,3210.0,4.409595,Canada,CAN,Riverine flood,,300.0,300.0,
2006,5,canada,-99.99,67.93,8.0,0.0,300.0,1.0,3210.0,4.409595,Canada,CAN,Riverine flood,1.0,400.0,400.0,
2006,5,india,94.02,26.6,55.0,21.0,600000.0,1.0,178000.0,6.990783,India,IND,Riverine flood,21.0,504000.0,504000.0,
2006,5,india,94.02,26.6,55.0,21.0,600000.0,1.0,178000.0,6.990783,India,IND,Riverine flood,32.0,10800.0,10800.0,
2006,5,india,94.02,26.6,55.0,21.0,600000.0,1.0,178000.0,6.990783,India,IND,Riverine flood,41.0,,,
2006,5,india,76.05,10.54,9.0,32.0,10800.0,1.5,42690.0,5.76066,India,IND,Riverine flood,21.0,504000.0,504000.0,
2006,5,india,76.05,10.54,9.0,32.0,10800.0,1.5,42690.0,5.76066,India,IND,Riverine flood,32.0,10800.0,10800.0,
2006,5,india,76.05,10.54,9.0,32.0,10800.0,1.5,42690.0,5.76066,India,IND,Riverine flood,41.0,,,
2006,5,china,118.57,26.75,11.0,57.0,356000.0,1.5,76600.0,6.101713,China,CHN,Riverine flood,16.0,,7000.0,57000.0
2006,5,china,118.57,26.75,11.0,57.0,356000.0,1.5,76600.0,6.101713,China,CHN,Riverine flood,57.0,356000.0,356000.0,393000.0
2006,5,china,118.57,26.75,11.0,57.0,356000.0,1.5,76600.0,6.101713,China,CHN,Riverine flood,3.0,,350035.0,
2006,5,india,75.23,18.73,5.0,41.0,0.0,1.0,395400.0,6.296007,India,IND,Riverine flood,21.0,504000.0,504000.0,
2006,5,india,75.23,18.73,5.0,41.0,0.0,1.0,395400.0,6.296007,India,IND,Riverine flood,32.0,10800.0,10800.0,
2006,5,india,75.23,18.73,5.0,41.0,0.0,1.0,395400.0,6.296007,India,IND,Riverine flood,41.0,,,
2006,5,thailand,100.91,15.13,1.0,0.0,0.0,1.5,5870.0,3.944729,Thailand,THA,Flash flood,116.0,342895.0,342895.0,25000.0
2006,5,china,112.9,30.92,8.0,3.0,350000.0,1.0,107400.0,5.934094,China,CHN,Riverine flood,16.0,,7000.0,57000.0
2006,5,china,112.9,30.92,8.0,3.0,350000.0,1.0,107400.0,5.934094,China,CHN,Riverine flood,57.0,356000.0,356000.0,393000.0
2006,5,china,112.9,30.92,8.0,3.0,350000.0,1.0,107400.0,5.934094,China,CHN,Riverine flood,3.0,,350035.0,
2006,5,morocco,-4.05,32.15,3.0,6.0,1100.0,1.5,33210.0,5.174481,Morocco,MAR,Riverine flood,6.0,1100.0,1100.0,
2006,5,burundi,29.67,-3.86,12.0,1.0,5000.0,1.0,2700.0,4.510545,Burundi,BDI,Flash flood,9.0,2000.0,2000.0,
2006,5,burundi,29.67,-3.86,12.0,1.0,5000.0,1.0,2700.0,4.510545,Burundi,BDI,Riverine flood,1.0,5000.0,5000.0,
2006,5,canada,-99.99,50.13,9.0,1.0,400.0,1.0,69160.0,5.794097,Canada,CAN,Riverine flood,,300.0,300.0,
2006,5,canada,-99.99,50.13,9.0,1.0,400.0,1.0,69160.0,5.794097,Canada,CAN,Riverine flood,1.0,400.0,400.0,
2006,5,thailand,100.15,18.18,21.0,79.0,2000.0,1.5,78280.0,6.391961,Thailand,THA,Flash flood,116.0,342895.0,342895.0,25000.0
2006,5,afghanistan,65.56,34.52,5.0,9.0,800.0,1.0,21480.0,5.031004,Afghanistan,AFG,Riverine flood,,1735.0,1735.0,
2006,5,afghanistan,65.56,34.52,5.0,9.0,800.0,1.0,21480.0,5.031004,Afghanistan,AFG,Riverine flood,21.0,465.0,615.0,
2006,5,china,118.77,25.97,5.0,23.0,1030000.0,1.0,141400.0,5.849419,China,CHN,Riverine flood,16.0,,7000.0,57000.0
2006,5,china,118.77,25.97,5.0,23.0,1030000.0,1.0,141400.0,5.849419,China,CHN,Riverine flood,57.0,356000.0,356000.0,393000.0
2006,5,china,118.77,25.97,5.0,23.0,1030000.0,1.0,141400.0,5.849419,China,CHN,Riverine flood,3.0,,350035.0,
2006,4,china,106.58,26.92,25.0,22.0,36900.0,1.0,175200.0,6.641474,China,CHN,Riverine flood,21.0,,10461.0,333000.0
2006,4,china,106.58,26.92,25.0,22.0,36900.0,1.0,175200.0,6.641474,China,CHN,Riverine flood,22.0,36900.0,36900.0,36000.0
2006,5,suriname,-56.48,3.42,23.0,3.0,22000.0,1.5,62040.0,6.330491,Suriname,SUR,Riverine flood,3.0,25000.0,25000.0,
2006,4,afghanistan,66.83,35.67,3.0,9.0,400.0,1.0,58310.0,5.242864,Afghanistan,AFG,Flash flood,19.0,5000.0,5025.0,
2006,4,papua new guinea,143.7,-6.16,4.0,1.0,300.0,1.0,4700.0,4.274158,Papua New Guinea,PNG,Riverine flood,,400.0,400.0,
2006,4,new zealand,170.37,-45.69,3.0,0.0,1200.0,2.0,4630.0,4.443732,New Zealand,NZL,Flash flood,,1200.0,1200.0,3000.0
2006,4,canada,-82.09,52.53,40.0,0.0,2000.0,1.5,7030.0,5.625107,Canada,CAN,Riverine flood,,200.0,200.0,
2006,4,canada,-82.09,52.53,40.0,0.0,2000.0,1.5,7030.0,5.625107,Canada,CAN,Riverine flood,,1000.0,1000.0,
2006,4,canada,-82.09,52.53,40.0,0.0,2000.0,1.5,7030.0,5.625107,Canada,CAN,Riverine flood,,2000.0,2000.0,
2006,4,malaysia,102.15,5.27,2.0,0.0,500.0,1.5,2590.0,3.890421,Malaysia,MYS,Riverine flood,,500.0,500.0,
2006,4,canada,-56.05,49.72,7.0,0.0,200.0,1.0,730.0,3.708421,Canada,CAN,Riverine flood,,200.0,200.0,
2006,4,canada,-56.05,49.72,7.0,0.0,200.0,1.0,730.0,3.708421,Canada,CAN,Riverine flood,,1000.0,1000.0,
2006,4,canada,-56.05,49.72,7.0,0.0,200.0,1.0,730.0,3.708421,Canada,CAN,Riverine flood,,2000.0,2000.0,
2006,4,indonesia,111.86,-7.84,5.0,23.0,240.0,1.0,19040.0,4.978637,Indonesia,IDN,Riverine flood,22.0,400.0,402.0,
2006,4,ethiopia,41.63,10.99,17.0,0.0,10000.0,1.0,83390.0,6.151563,Ethiopia,ETH,Riverine flood,,10000.0,10000.0,
2006,4,papua new guinea,143.22,-4.26,7.0,0.0,400.0,1.0,41560.0,5.463774,Papua New Guinea,PNG,Riverine flood,,400.0,400.0,
2006,4,canada,-99.99,53.54,13.0,0.0,1000.0,1.5,63270.0,6.091232,Canada,CAN,Riverine flood,,200.0,200.0,
2006,4,canada,-99.99,53.54,13.0,0.0,1000.0,1.5,63270.0,6.091232,Canada,CAN,Riverine flood,,1000.0,1000.0,
2006,4,canada,-99.99,53.54,13.0,0.0,1000.0,1.5,63270.0,6.091232,Canada,CAN,Riverine flood,,2000.0,2000.0,
2006,4,india,82.81,17.43,4.0,20.0,0.0,1.0,190900.0,5.882866,India,IND,Flash flood,20.0,,,
2006,4,georgia,42.83,42.27,10.0,0.0,600.0,1.0,29220.0,5.46568,Georgia,GEO,Riverine flood,,600.0,600.0,
2006,3,brazil,-52.29,-2.81,30.0,8.0,116000.0,1.0,1164000.0,7.543074,Brazil,BRA,Riverine flood,8.0,116000.0,116000.0,
2006,4,canada,-96.95,49.85,29.0,0.0,40.0,1.0,9215.0,5.426893,Canada,CAN,Riverine flood,,200.0,200.0,
2006,4,canada,-96.95,49.85,29.0,0.0,40.0,1.0,9215.0,5.426893,Canada,CAN,Riverine flood,,1000.0,1000.0,
2006,4,canada,-96.95,49.85,29.0,0.0,40.0,1.0,9215.0,5.426893,Canada,CAN,Riverine flood,,2000.0,2000.0,
2006,4,romania,23.87,44.5,48.0,0.0,17000.0,2.0,144600.0,7.14244,Romania,ROU,Riverine flood,,,,
2006,4,kenya,37.53,2.25,49.0,60.0,17300.0,1.0,538000.0,7.420978,Kenya,KEN,Riverine flood,8.0,13000.0,13000.0,
2006,4,kenya,37.53,2.25,49.0,60.0,17300.0,1.0,538000.0,7.420978,Kenya,KEN,Riverine flood,60.0,17300.0,17300.0,
2006,4,australia,132.39,-14.18,6.0,0.0,1100.0,1.0,39370.0,5.373317,Australia,AUS,Riverine flood,,1100.0,1100.0,
2006,4,yemen,43.88,15.1,4.0,25.0,0.0,1.0,91480.0,5.563386,Yemen,YEM,Riverine flood,25.0,,320.0,
2006,3,hungary,19.08,48.67,43.0,3.0,6020.0,2.0,73290.0,6.799543,Hungary,HUN,Riverine flood,,32000.0,32000.0,
2006,3,south africa,24.83,-27.44,5.0,6.0,4160.0,1.0,2500.0,4.09691,South Africa,ZAF,Riverine flood,6.0,4160.0,4160.0,71000.0
2006,3,romania,23.37,44.25,11.0,0.0,10000.0,1.5,143700.0,6.374941,Romania,ROU,Riverine flood,6.0,12069.0,17071.0,
2006,3,romania,23.37,44.25,11.0,0.0,10000.0,1.5,143700.0,6.374941,Romania,ROU,Riverine flood,,600.0,600.0,
2006,3,malawi,35.12,-14.59,8.0,3.0,8000.0,1.5,64890.0,5.891359,Malawi,MWI,Riverine flood,3.0,,8000.0,
2006,3,philippines,125.57,7.17,3.0,1.0,1000.0,1.0,630.0,3.276462,Philippines,PHL,Flash flood,1.0,1000.0,1000.0,
2006,2,papua new guinea,144.38,-5.8,7.0,6.0,5000.0,1.0,7500.0,4.720159,Papua New Guinea,PNG,Riverine flood,1.0,,12000.0,
2006,2,malaysia,101.65,3.12,1.0,0.0,9000.0,1.0,1175.0,3.070038,Malaysia,MYS,Riverine flood,,4906.0,4906.0,
2006,2,namibia,17.98,-24.53,5.0,5.0,2100.0,1.5,16110.0,5.082157,Namibia,NAM,Riverine flood,5.0,2100.0,2100.0,8490.0
2006,2,indonesia,124.66,1.07,11.0,33.0,17500.0,1.0,33830.0,5.570695,Indonesia,IDN,Flash flood,39.0,17500.0,17539.0,25000.0
2006,2,yemen,44.18,14.54,4.0,5.0,2000.0,1.0,10710.0,4.631849,Yemen,YEM,Flash flood,5.0,,2000.0,
2006,2,ecuador,-79.98,-2.23,80.0,17.0,55000.0,1.0,61410.0,6.691329,Ecuador,ECU,Riverine flood,16.0,57670.0,57670.0,2800.0
2006,2,algeria,-5.91,27.67,6.0,1.0,60000.0,1.0,180500.0,6.034628,Algeria,DZA,Riverine flood,1.0,60000.0,60000.0,1200.0
2006,2,malaysia,102.54,4.33,9.0,3.0,7000.0,1.0,86750.0,5.892512,Malaysia,MYS,Riverine flood,,4906.0,4906.0,
2006,2,iraq,45.49,34.21,9.0,0.0,28000.0,1.0,77640.0,5.844328,Iraq,IRQ,Riverine flood,,41890.0,41890.0,1300.0
2006,2,indonesia,102.23,-1.82,7.0,0.0,300.0,1.0,29000.0,5.307496,Indonesia,IDN,Flash flood,39.0,17500.0,17539.0,25000.0
2006,2,papua new guinea,147.28,-9.07,17.0,1.0,12000.0,1.5,34450.0,5.943729,Papua New Guinea,PNG,Riverine flood,1.0,,12000.0,
2006,2,fiji,179.65,-16.45,6.0,4.0,224.0,1.0,2370.0,4.1529,Fiji,FJI,Riverine flood,4.0,224.0,224.0,500.0
2006,1,norway,11.93,64.15,6.0,1.0,200.0,1.5,41520.0,5.5725,Norway,NOR,Flood (General),1.0,200.0,200.0,
2006,1,indonesia,108.59,-6.85,20.0,19.0,10000.0,1.0,73070.0,6.164769,Indonesia,IDN,Riverine flood,19.0,10000.0,10000.0,27100.0
2006,1,indonesia,117.29,-8.44,6.0,11.0,3000.0,1.0,47800.0,5.457579,Indonesia,IDN,Riverine flood,19.0,10000.0,10000.0,27100.0
2006,1,brazil,-43.36,-22.56,4.0,12.0,0.0,1.0,9335.0,4.572174,Brazil,BRA,Flash flood,12.0,,,
2006,1,philippines,121.82,17.02,11.0,4.0,256641.0,1.0,63470.0,5.843961,Philippines,PHL,Flash flood,4.0,256641.0,256641.0,9600.0
2006,1,namibia,15.71,-25.48,1.0,0.0,0.0,1.0,1300.0,3.113943,Namibia,NAM,Riverine flood,,200.0,200.0,
2006,1,guyana,-58.66,6.89,38.0,20.0,5000.0,1.0,24220.0,5.963958,Guyana,GUY,Riverine flood,,35000.0,35000.0,169000.0
2006,1,indonesia,108.21,-6.38,5.0,0.0,6000.0,1.0,900.0,3.653213,Indonesia,IDN,Riverine flood,19.0,10000.0,10000.0,27100.0
2006,1,indonesia,113.34,-8.02,4.0,125.0,7781.0,1.0,2550.0,4.0086,Indonesia,IDN,Riverine flood,19.0,10000.0,10000.0,27100.0
2005,12,mozambique,0.0,0.0,48.0,23.0,50000.0,1.5,224100.0,7.207774,Mozambique,MOZ,Riverine flood,16.0,20000.0,29012.0,
2005,12,philippines,0.0,0.0,25.0,9.0,60000.0,1.0,4630.0,5.063521,Philippines,PHL,Riverine flood,4.0,192946.0,192946.0,515.0
2005,11,albania,0.0,0.0,4.0,3.0,0.0,1.0,10410.0,4.619511,Albania,ALB,Riverine flood,3.0,500.0,500.0,
2005,11,thailand,0.0,0.0,51.0,69.0,700000.0,1.5,70520.0,6.731974,Thailand,THA,Flash flood,55.0,700000.0,700000.0,97000.0
2005,11,sri lanka,0.0,0.0,3.0,6.0,8000.0,1.0,29870.0,4.952356,Sri Lanka,LKA,Riverine flood,6.0,145000.0,145000.0,
2005,11,france,0.0,0.0,3.0,2.0,1000.0,1.0,2000.0,3.778151,France,FRA,Flash flood,2.0,1000.0,1000.0,
2005,9,colombia,0.0,0.0,93.0,95.0,100000.0,1.0,115200.0,7.029935,Colombia,COL,Riverine flood,101.0,474493.0,474607.0,
2005,10,india,0.0,0.0,48.0,279.0,300000.0,1.0,131300.0,6.799506,India,IND,Riverine flood,19.0,2000000.0,2250000.0,117000.0
2005,10,india,0.0,0.0,48.0,279.0,300000.0,1.0,131300.0,6.799506,India,IND,Riverine flood,162.0,2000000.0,2000000.0,
2005,10,haiti,0.0,0.0,4.0,26.0,1500.0,1.0,12260.0,4.69055,Haiti,HTI,Riverine flood,11.0,11500.0,11500.0,
2005,10,india,0.0,0.0,8.0,13.0,3000000.0,1.0,29110.0,5.367132,India,IND,Riverine flood,19.0,2000000.0,2250000.0,117000.0
2005,10,india,0.0,0.0,8.0,13.0,3000000.0,1.0,29110.0,5.367132,India,IND,Riverine flood,162.0,2000000.0,2000000.0,
2005,10,haiti,0.0,0.0,7.0,24.0,100000.0,1.0,47850.0,5.52498,Haiti,HTI,Riverine flood,11.0,11500.0,11500.0,
2005,10,indonesia,0.0,0.0,2.0,28.0,12000.0,1.0,2460.0,3.691965,Indonesia,IDN,Flash flood,28.0,12000.0,12211.0,
2005,10,bangladesh,0.0,0.0,20.0,19.0,100000.0,1.0,22570.0,5.654562,Bangladesh,BGD,Flash flood,19.0,100000.0,100000.0,
2005,10,china,0.0,0.0,4.0,16.0,359000.0,1.0,12380.0,4.694781,China,CHN,Riverine flood,20.0,,80000.0,240000.0
2005,10,china,0.0,0.0,5.0,95.0,0.0,1.0,13900.0,4.841985,China,CHN,Riverine flood,20.0,,80000.0,240000.0
2005,10,guatemala,0.0,0.0,16.0,2000.0,250000.0,1.5,211300.0,6.705111,Guatemala,GTM,Riverine flood,,,,
2005,9,china,0.0,0.0,8.0,2.0,24000.0,1.0,29520.0,5.373206,China,CHN,Riverine flood,20.0,4610000.0,4610000.0,239000.0
2005,9,mauritania,0.0,0.0,11.0,0.0,3000.0,1.5,147100.0,6.385097,Mauritania,MRT,Riverine flood,,7500.0,7500.0,
2005,9,canada,0.0,0.0,3.0,0.0,200.0,1.0,330.0,2.995635,Canada,CAN,Riverine flood,,600.0,600.0,
2005,9,mexico,0.0,0.0,4.0,3.0,3000.0,1.0,62550.0,5.398287,Mexico,MEX,Riverine flood,3.0,3000.0,3000.0,
2005,8,sudan,0.0,0.0,9.0,5.0,9000.0,1.0,40660.0,5.56341,Sudan,SDN,Riverine flood,5.0,156000.0,156000.0,
2005,9,nepal,0.0,0.0,8.0,51.0,1600.0,1.0,8030.0,4.807806,Nepal,NPL,Riverine flood,51.0,1600.0,1600.0,
2005,9,india,0.0,0.0,20.0,15.0,0.0,1.0,53200.0,6.026942,India,IND,Riverine flood,89.0,550000.0,550000.0,420000.0
2005,9,india,0.0,0.0,20.0,15.0,0.0,1.0,53200.0,6.026942,India,IND,Riverine flood,23.0,,2504.0,
2005,9,india,0.0,0.0,20.0,15.0,0.0,1.0,53200.0,6.026942,India,IND,Riverine flood,15.0,,,
2005,9,romania,0.0,0.0,19.0,10.0,0.0,1.0,29370.0,5.746658,Romania,ROU,Riverine flood,10.0,30000.0,30800.0,
2005,9,india,0.0,0.0,20.0,23.0,0.0,1.0,308700.0,6.790567,India,IND,Riverine flood,89.0,550000.0,550000.0,420000.0
2005,9,india,0.0,0.0,20.0,23.0,0.0,1.0,308700.0,6.790567,India,IND,Riverine flood,23.0,,2504.0,
2005,9,india,0.0,0.0,20.0,23.0,0.0,1.0,308700.0,6.790567,India,IND,Riverine flood,15.0,,,
2005,8,senegal,0.0,0.0,22.0,0.0,5600.0,1.0,330.0,3.860937,Senegal,SEN,Riverine flood,,50000.0,50000.0,
2005,9,india,0.0,0.0,17.0,89.0,550000.0,1.0,312900.0,6.725854,India,IND,Riverine flood,89.0,550000.0,550000.0,420000.0
2005,9,india,0.0,0.0,17.0,89.0,550000.0,1.0,312900.0,6.725854,India,IND,Riverine flood,23.0,,2504.0,
2005,9,india,0.0,0.0,17.0,89.0,550000.0,1.0,312900.0,6.725854,India,IND,Riverine flood,15.0,,,
2005,9,afghanistan,0.0,0.0,2.0,12.0,0.0,1.0,3200.0,3.80618,Afghanistan,AFG,Riverine flood,12.0,,,
2005,9,china,0.0,0.0,3.0,16.0,1350000.0,1.0,84370.0,5.403309,China,CHN,Riverine flood,20.0,4610000.0,4610000.0,239000.0
2005,9,france,0.0,0.0,3.0,0.0,3000.0,1.0,9810.0,4.46879,France,FRA,Flash flood,1.0,3000.0,3000.0,
2005,8,nigeria,0.0,0.0,41.0,3.0,7.0,1.0,159500.0,6.815545,Nigeria,NGA,Riverine flood,60.0,,3004.0,147.0
2005,8,india,0.0,0.0,5.0,21.0,0.0,1.0,12680.0,4.802089,India,IND,Flash flood,27.0,800000.0,800000.0,
2005,8,mexico,0.0,0.0,10.0,30.0,10000.0,1.0,242700.0,6.38507,Mexico,MEX,Riverine flood,30.0,10000.0,10000.0,
2005,8,switzerland,0.0,0.0,6.0,12.0,2500.0,2.0,44950.0,5.731911,Switzerland,CHE,Riverine flood,6.0,2500.0,2500.0,2100000.0
2005,8,ethiopia,0.0,0.0,19.0,3.0,7000.0,1.0,52560.0,5.999409,Ethiopia,ETH,Riverine flood,,7000.0,7000.0,
2005,8,romania,0.0,0.0,20.0,34.0,2000.0,1.0,68750.0,6.138303,Romania,ROU,Riverine flood,33.0,2000.0,2000.0,313000.0
2005,8,sierra leone,0.0,0.0,3.0,20.0,15000.0,1.5,7730.0,4.541392,Sierra Leone,SLE,Flash flood,20.0,15000.0,15000.0,
2005,8,china,0.0,0.0,23.0,28.0,14500.0,1.0,43680.0,6.00201,China,CHN,Riverine flood,28.0,14500.0,14500.0,
2005,8,china,0.0,0.0,23.0,28.0,14500.0,1.0,43680.0,6.00201,China,CHN,Riverine flood,52.0,,188046.0,913000.0
2005,8,china,0.0,0.0,8.0,15.0,206000.0,1.0,85860.0,5.836881,China,CHN,Riverine flood,28.0,14500.0,14500.0,
2005,8,china,0.0,0.0,8.0,15.0,206000.0,1.0,85860.0,5.836881,China,CHN,Riverine flood,52.0,,188046.0,913000.0
2005,8,thailand,0.0,0.0,45.0,11.0,119270.0,1.5,134300.0,6.95738,Thailand,THA,Riverine flood,21.0,119270.0,119310.0,121000.0
2005,8,central african republic,0.0,0.0,18.0,1.0,22500.0,1.0,65650.0,6.072507,Central African Republic,CAF,Riverine flood,1.0,,23805.0,
2005,8,china,0.0,0.0,10.0,7.0,230000.0,1.0,855800.0,6.932372,China,CHN,Riverine flood,28.0,14500.0,14500.0,
2005,8,china,0.0,0.0,10.0,7.0,230000.0,1.0,855800.0,6.932372,China,CHN,Riverine flood,52.0,,188046.0,913000.0
2005,8,bulgaria,0.0,0.0,8.0,7.0,12000.0,1.0,44210.0,5.548611,Bulgaria,BGR,Riverine flood,7.0,12000.0,12000.0,
2005,8,bulgaria,0.0,0.0,8.0,7.0,12000.0,1.0,44210.0,5.548611,Bulgaria,BGR,Riverine flood,7.0,,,200000.0
2005,8,sudan,0.0,0.0,17.0,8.0,8000.0,1.0,163400.0,6.443701,Sudan,SDN,Riverine flood,5.0,156000.0,156000.0,
2005,7,india,0.0,0.0,5.0,8.0,344857.0,1.0,11720.0,4.767898,India,IND,Riverine flood,25.0,,,
2005,7,india,0.0,0.0,5.0,8.0,344857.0,1.0,11720.0,4.767898,India,IND,Riverine flood,70.0,1904000.0,1908000.0,
2005,7,india,0.0,0.0,5.0,8.0,344857.0,1.0,11720.0,4.767898,India,IND,Riverine flood,126.0,100000.0,100000.0,
2005,7,india,0.0,0.0,5.0,8.0,344857.0,1.0,11720.0,4.767898,India,IND,Riverine flood,1200.0,20000000.0,20000055.0,3330000.0
2005,7,india,0.0,0.0,5.0,8.0,344857.0,1.0,11720.0,4.767898,India,IND,Riverine flood,62.0,49000.0,49000.0,
2005,7,india,0.0,0.0,5.0,8.0,344857.0,1.0,11720.0,4.767898,India,IND,Riverine flood,12.0,10000.0,10000.0,
2005,7,india,0.0,0.0,5.0,8.0,344857.0,1.0,11720.0,4.767898,India,IND,Riverine flood,10.0,2000.0,2000.0,
2005,7,india,0.0,0.0,25.0,126.0,100000.0,1.0,619200.0,7.189771,India,IND,Riverine flood,25.0,,,
2005,7,india,0.0,0.0,25.0,126.0,100000.0,1.0,619200.0,7.189771,India,IND,Riverine flood,70.0,1904000.0,1908000.0,
2005,7,india,0.0,0.0,25.0,126.0,100000.0,1.0,619200.0,7.189771,India,IND,Riverine flood,126.0,100000.0,100000.0,
2005,7,india,0.0,0.0,25.0,126.0,100000.0,1.0,619200.0,7.189771,India,IND,Riverine flood,1200.0,20000000.0,20000055.0,3330000.0
2005,7,india,0.0,0.0,25.0,126.0,100000.0,1.0,619200.0,7.189771,India,IND,Riverine flood,62.0,49000.0,49000.0,
2005,7,india,0.0,0.0,25.0,126.0,100000.0,1.0,619200.0,7.189771,India,IND,Riverine flood,12.0,10000.0,10000.0,
2005,7,india,0.0,0.0,25.0,126.0,100000.0,1.0,619200.0,7.189771,India,IND,Riverine flood,10.0,2000.0,2000.0,
2005,7,india,0.0,0.0,13.0,987.0,160000.0,1.0,35550.0,5.664783,India,IND,Riverine flood,25.0,,,
2005,7,india,0.0,0.0,13.0,987.0,160000.0,1.0,35550.0,5.664783,India,IND,Riverine flood,70.0,1904000.0,1908000.0,
2005,7,india,0.0,0.0,13.0,987.0,160000.0,1.0,35550.0,5.664783,India,IND,Riverine flood,126.0,100000.0,100000.0,
2005,7,india,0.0,0.0,13.0,987.0,160000.0,1.0,35550.0,5.664783,India,IND,Riverine flood,1200.0,20000000.0,20000055.0,3330000.0
2005,7,india,0.0,0.0,13.0,987.0,160000.0,1.0,35550.0,5.664783,India,IND,Riverine flood,62.0,49000.0,49000.0,
2005,7,india,0.0,0.0,13.0,987.0,160000.0,1.0,35550.0,5.664783,India,IND,Riverine flood,12.0,10000.0,10000.0,
2005,7,india,0.0,0.0,13.0,987.0,160000.0,1.0,35550.0,5.664783,India,IND,Riverine flood,10.0,2000.0,2000.0,
2005,7,china,0.0,0.0,2.0,16.0,0.0,1.0,390.0,2.892095,China,CHN,Riverine flood,16.0,,23.0,560.0
2005,7,china,0.0,0.0,2.0,16.0,0.0,1.0,390.0,2.892095,China,CHN,Riverine flood,5.0,1270000.0,1270000.0,271000.0
2005,7,malaysia,0.0,0.0,3.0,4.0,600.0,1.5,1470.0,3.82053,Malaysia,MYS,Flash flood,4.0,600.0,600.0,
2005,7,china,0.0,0.0,9.0,0.0,0.0,1.0,101900.0,5.962417,China,CHN,Riverine flood,16.0,,23.0,560.0
2005,7,china,0.0,0.0,9.0,0.0,0.0,1.0,101900.0,5.962417,China,CHN,Riverine flood,5.0,1270000.0,1270000.0,271000.0
2005,7,romania,0.0,0.0,17.0,23.0,13000.0,1.5,40040.0,6.009034,Romania,ROU,Riverine flood,24.0,14669.0,14669.0,800000.0
2005,7,romania,0.0,0.0,17.0,23.0,13000.0,1.5,40040.0,6.009034,Romania,ROU,Riverine flood,6.0,39700.0,39702.0,
2005,7,india,0.0,0.0,21.0,40.0,3000000.0,1.0,823500.0,7.237883,India,IND,Riverine flood,25.0,,,
2005,7,india,0.0,0.0,21.0,40.0,3000000.0,1.0,823500.0,7.237883,India,IND,Riverine flood,70.0,1904000.0,1908000.0,
2005,7,india,0.0,0.0,21.0,40.0,3000000.0,1.0,823500.0,7.237883,India,IND,Riverine flood,126.0,100000.0,100000.0,
2005,7,india,0.0,0.0,21.0,40.0,3000000.0,1.0,823500.0,7.237883,India,IND,Riverine flood,1200.0,20000000.0,20000055.0,3330000.0
2005,7,india,0.0,0.0,21.0,40.0,3000000.0,1.0,823500.0,7.237883,India,IND,Riverine flood,62.0,49000.0,49000.0,
2005,7,india,0.0,0.0,21.0,40.0,3000000.0,1.0,823500.0,7.237883,India,IND,Riverine flood,12.0,10000.0,10000.0,
2005,7,india,0.0,0.0,21.0,40.0,3000000.0,1.0,823500.0,7.237883,India,IND,Riverine flood,10.0,2000.0,2000.0,
2005,7,pakistan,0.0,0.0,41.0,40.0,452000.0,1.0,433500.0,7.249773,Pakistan,PAK,Riverine flood,42.0,58000.0,58020.0,
2005,7,china,0.0,0.0,43.0,5.0,1500.0,1.0,275000.0,7.072801,China,CHN,Riverine flood,16.0,,23.0,560.0
2005,7,china,0.0,0.0,43.0,5.0,1500.0,1.0,275000.0,7.072801,China,CHN,Riverine flood,5.0,1270000.0,1270000.0,271000.0
2005,7,romania,0.0,0.0,15.0,23.0,7000.0,1.0,72210.0,6.034689,Romania,ROU,Riverine flood,24.0,14669.0,14669.0,800000.0
2005,7,romania,0.0,0.0,15.0,23.0,7000.0,1.0,72210.0,6.034689,Romania,ROU,Riverine flood,6.0,39700.0,39702.0,
2005,7,india,0.0,0.0,14.0,62.0,49000.0,1.0,55740.0,5.892295,India,IND,Riverine flood,25.0,,,
2005,7,india,0.0,0.0,14.0,62.0,49000.0,1.0,55740.0,5.892295,India,IND,Riverine flood,70.0,1904000.0,1908000.0,
2005,7,india,0.0,0.0,14.0,62.0,49000.0,1.0,55740.0,5.892295,India,IND,Riverine flood,126.0,100000.0,100000.0,
2005,7,india,0.0,0.0,14.0,62.0,49000.0,1.0,55740.0,5.892295,India,IND,Riverine flood,1200.0,20000000.0,20000055.0,3330000.0
2005,7,india,0.0,0.0,14.0,62.0,49000.0,1.0,55740.0,5.892295,India,IND,Riverine flood,62.0,49000.0,49000.0,
2005,7,india,0.0,0.0,14.0,62.0,49000.0,1.0,55740.0,5.892295,India,IND,Riverine flood,12.0,10000.0,10000.0,
2005,7,india,0.0,0.0,14.0,62.0,49000.0,1.0,55740.0,5.892295,India,IND,Riverine flood,10.0,2000.0,2000.0,
2005,6,china,0.0,0.0,22.0,65.0,428000.0,1.0,69400.0,6.183782,China,CHN,Flash flood,117.0,400.0,425.0,45000.0
2005,6,china,0.0,0.0,22.0,65.0,428000.0,1.0,69400.0,6.183782,China,CHN,Riverine flood,19.0,650000.0,650000.0,180700.0
2005,6,china,0.0,0.0,22.0,65.0,428000.0,1.0,69400.0,6.183782,China,CHN,Riverine flood,58.0,11230000.0,11230230.0,607000.0
2005,6,china,0.0,0.0,22.0,65.0,428000.0,1.0,69400.0,6.183782,China,CHN,Riverine flood,235.0,16700000.0,16700000.0,2160000.0
2005,6,australia,0.0,0.0,4.0,3.0,3000.0,1.0,7900.0,4.499687,Australia,AUS,Riverine flood,3.0,3000.0,3000.0,58000.0
2005,6,india,0.0,0.0,5.0,1.0,140000.0,1.0,6800.0,4.531479,India,IND,Riverine flood,239.0,405000.0,405000.0,2300000.0
2005,6,india,0.0,0.0,5.0,1.0,140000.0,1.0,6800.0,4.531479,India,IND,Riverine flood,6.0,5000.0,5000.0,23000.0
2005,6,india,0.0,0.0,18.0,202.0,500000.0,1.5,73780.0,6.299302,India,IND,Riverine flood,239.0,405000.0,405000.0,2300000.0
2005,6,india,0.0,0.0,18.0,202.0,500000.0,1.5,73780.0,6.299302,India,IND,Riverine flood,6.0,5000.0,5000.0,23000.0
2005,6,chile,0.0,0.0,3.0,5.0,800.0,1.0,12210.0,4.563837,Chile,CHL,Riverine flood,5.0,800.0,800.0,
2005,6,india,0.0,0.0,4.0,6.0,5000.0,1.0,6530.0,4.416973,India,IND,Riverine flood,239.0,405000.0,405000.0,2300000.0
2005,6,india,0.0,0.0,4.0,6.0,5000.0,1.0,6530.0,4.416973,India,IND,Riverine flood,6.0,5000.0,5000.0,23000.0
2005,6,el salvador,0.0,0.0,4.0,41.0,1500.0,1.0,35360.0,5.150572,El Salvador,SLV,Riverine flood,33.0,2332.0,2332.0,
2005,6,pakistan,0.0,0.0,46.0,5.0,50000.0,2.0,28630.0,6.420609,Pakistan,PAK,Riverine flood,39.0,460073.0,460073.0,
2005,6,china,0.0,0.0,12.0,200.0,1500000.0,2.0,226600.0,6.735471,China,CHN,Flash flood,117.0,400.0,425.0,45000.0
2005,6,china,0.0,0.0,12.0,200.0,1500000.0,2.0,226600.0,6.735471,China,CHN,Riverine flood,19.0,650000.0,650000.0,180700.0
2005,6,china,0.0,0.0,12.0,200.0,1500000.0,2.0,226600.0,6.735471,China,CHN,Riverine flood,58.0,11230000.0,11230230.0,607000.0
2005,6,china,0.0,0.0,12.0,200.0,1500000.0,2.0,226600.0,6.735471,China,CHN,Riverine flood,235.0,16700000.0,16700000.0,2160000.0
2005,6,kenya,0.0,0.0,4.0,20.0,1200.0,1.0,3520.0,4.148603,Kenya,KEN,Riverine flood,20.0,1200.0,1200.0,
2005,6,china,0.0,0.0,9.0,19.0,210000.0,1.5,93630.0,6.101749,China,CHN,Flash flood,117.0,400.0,425.0,45000.0
2005,6,china,0.0,0.0,9.0,19.0,210000.0,1.5,93630.0,6.101749,China,CHN,Riverine flood,19.0,650000.0,650000.0,180700.0
2005,6,china,0.0,0.0,9.0,19.0,210000.0,1.5,93630.0,6.101749,China,CHN,Riverine flood,58.0,11230000.0,11230230.0,607000.0
2005,6,china,0.0,0.0,9.0,19.0,210000.0,1.5,93630.0,6.101749,China,CHN,Riverine flood,235.0,16700000.0,16700000.0,2160000.0
2005,6,afghanistan,0.0,0.0,37.0,39.0,11000.0,1.0,103000.0,6.581039,Afghanistan,AFG,Riverine flood,48.0,,5040.0,
2005,6,afghanistan,0.0,0.0,37.0,39.0,11000.0,1.0,103000.0,6.581039,Afghanistan,AFG,Riverine flood,,,,
2005,6,china,0.0,0.0,3.0,117.0,400.0,2.0,2330.0,4.145507,China,CHN,Flash flood,117.0,400.0,425.0,45000.0
2005,6,china,0.0,0.0,3.0,117.0,400.0,2.0,2330.0,4.145507,China,CHN,Riverine flood,19.0,650000.0,650000.0,180700.0
2005,6,china,0.0,0.0,3.0,117.0,400.0,2.0,2330.0,4.145507,China,CHN,Riverine flood,58.0,11230000.0,11230230.0,607000.0
2005,6,china,0.0,0.0,3.0,117.0,400.0,2.0,2330.0,4.145507,China,CHN,Riverine flood,235.0,16700000.0,16700000.0,2160000.0
2005,6,tajikistan,0.0,0.0,3.0,6.0,2000.0,1.0,5930.0,4.250176,Tajikistan,TJK,Riverine flood,8.0,2877.0,3222.0,
2005,6,canada,0.0,0.0,25.0,4.0,5000.0,2.0,86680.0,6.636889,Canada,CAN,Riverine flood,4.0,5000.0,5000.0,357000.0
2005,6,brazil,0.0,0.0,4.0,28.0,31000.0,1.0,6050.0,4.383815,Brazil,BRA,Riverine flood,28.0,31000.0,31000.0,
2005,5,china,0.0,0.0,12.0,160.0,300000.0,1.0,679700.0,6.911499,China,CHN,Flash flood,8.0,8842.0,8842.0,4600.0
2005,5,china,0.0,0.0,2.0,8.0,0.0,1.0,2020.0,3.606381,China,CHN,Flash flood,8.0,8842.0,8842.0,4600.0
2005,5,bulgaria,0.0,0.0,19.0,6.0,0.0,1.0,71250.0,6.131538,Bulgaria,BGR,Riverine flood,6.0,,,10000.0
2005,5,finland,0.0,0.0,7.0,0.0,400.0,1.0,24900.0,5.241297,Finland,FIN,Riverine flood,,400.0,400.0,
2005,5,bangladesh,0.0,0.0,4.0,13.0,50000.0,1.0,12730.0,4.706888,Bangladesh,BGD,Flash flood,13.0,50000.0,50000.0,
2005,5,new zealand,0.0,0.0,4.0,0.0,290.0,1.5,630.0,3.577492,New Zealand,NZL,Flash flood,,,400.0,72000.0
2005,5,afghanistan,0.0,0.0,5.0,14.0,0.0,1.0,82360.0,5.614686,Afghanistan,AFG,Riverine flood,20.0,500.0,500.0,
2005,5,kenya,0.0,0.0,32.0,4.0,40000.0,1.5,443200.0,7.327841,Kenya,KEN,Flash flood,5.0,10000.0,10000.0,
2005,4,indonesia,0.0,0.0,2.0,20.0,750.0,1.0,1730.0,3.539076,Indonesia,IDN,Flash flood,47.0,750.0,768.0,
2005,4,georgia,0.0,0.0,36.0,0.0,6000.0,1.0,1515000.0,7.736715,Georgia,GEO,Riverine flood,,2500.0,2500.0,
2005,4,ethiopia,0.0,0.0,53.0,177.0,260000.0,1.5,336100.0,7.426836,Ethiopia,ETH,Flash flood,156.0,235418.0,235418.0,5000.0
2005,4,romania,0.0,0.0,48.0,4.0,7000.0,1.5,58910.0,6.627522,Romania,ROU,Riverine flood,2.0,3400.0,3400.0,200000.0
2005,4,colombia,0.0,0.0,4.0,11.0,0.0,1.0,34530.0,5.140257,Colombia,COL,Riverine flood,23.0,41500.0,41530.0,
2005,3,afghanistan,0.0,0.0,2.0,6.0,0.0,1.0,1440.0,3.459392,Afghanistan,AFG,Riverine flood,3.0,,1500.0,
2005,3,afghanistan,0.0,0.0,2.0,6.0,0.0,1.0,1440.0,3.459392,Afghanistan,AFG,Riverine flood,200.0,11000.0,11003.0,
2005,3,madagascar,0.0,0.0,3.0,0.0,900.0,1.0,150.0,2.653213,Madagascar,MDG,Riverine flood,25.0,58700.0,58717.0,
2005,3,madagascar,0.0,0.0,3.0,0.0,900.0,1.0,150.0,2.653213,Madagascar,MDG,Riverine flood,4.0,,900.0,
2005,3,pakistan,0.0,0.0,5.0,20.0,3500.0,1.0,75650.0,5.577779,Pakistan,PAK,Flash flood,20.0,,3500.0,
2005,3,pakistan,0.0,0.0,5.0,20.0,3500.0,1.0,75650.0,5.577779,Pakistan,PAK,Riverine flood,15.0,5000.0,5000.0,
2005,3,romania,0.0,0.0,23.0,4.0,1000.0,1.0,673500.0,7.190065,Romania,ROU,Riverine flood,2.0,600.0,600.0,
2005,3,afghanistan,0.0,0.0,4.0,2.0,0.0,1.0,89540.0,5.554077,Afghanistan,AFG,Riverine flood,3.0,,1500.0,
2005,3,afghanistan,0.0,0.0,4.0,2.0,0.0,1.0,89540.0,5.554077,Afghanistan,AFG,Riverine flood,200.0,11000.0,11003.0,
2005,3,algeria,0.0,0.0,4.0,3.0,0.0,1.0,436800.0,6.242343,Algeria,DZA,Riverine flood,11.0,70.0,70.0,
2005,3,madagascar,0.0,0.0,14.0,25.0,8300.0,1.0,16370.0,5.360177,Madagascar,MDG,Riverine flood,25.0,58700.0,58717.0,
2005,3,madagascar,0.0,0.0,14.0,25.0,8300.0,1.0,16370.0,5.360177,Madagascar,MDG,Riverine flood,4.0,,900.0,
2005,3,afghanistan,0.0,0.0,32.0,26.0,5000.0,1.0,275300.0,6.944956,Afghanistan,AFG,Riverine flood,3.0,,1500.0,
2005,3,afghanistan,0.0,0.0,32.0,26.0,5000.0,1.0,275300.0,6.944956,Afghanistan,AFG,Riverine flood,200.0,11000.0,11003.0,
2005,3,pakistan,0.0,0.0,7.0,15.0,5000.0,1.0,104000.0,5.862131,Pakistan,PAK,Flash flood,20.0,,3500.0,
2005,3,pakistan,0.0,0.0,7.0,15.0,5000.0,1.0,104000.0,5.862131,Pakistan,PAK,Riverine flood,15.0,5000.0,5000.0,
2005,2,kazakhstan,0.0,0.0,28.0,0.0,30000.0,1.0,135400.0,6.578777,Kazakhstan,KAZ,Flash flood,,25000.0,25000.0,7662.0
2005,2,pakistan,0.0,0.0,8.0,300.0,40000.0,1.0,123200.0,5.993701,Pakistan,PAK,Riverine flood,520.0,7000000.0,7000450.0,30000.0
2005,1,angola,0.0,0.0,61.0,0.0,10000.0,1.0,118200.0,6.857947,Angola,AGO,Riverine flood,,,10000.0,
2005,1,brazil,0.0,0.0,3.0,10.0,0.0,1.0,127900.0,5.583992,Brazil,BRA,Riverine flood,19.0,,10000.0,
2005,1,mozambique,0.0,0.0,16.0,0.0,0.0,1.0,24300.0,5.589726,Mozambique,MOZ,Riverine flood,,18825.0,18825.0,
2005,1,saudi arabia,0.0,0.0,6.0,29.0,50.0,1.0,22760.0,5.135324,Saudi Arabia,SAU,Flash flood,29.0,50.0,67.0,
2005,1,guyana,0.0,0.0,42.0,31.0,375000.0,2.0,1340.0,5.051384,Guyana,GUY,Riverine flood,34.0,274774.0,274774.0,465100.0
2005,1,costa rica,0.0,0.0,8.0,4.0,15000.0,1.0,7580.0,4.782759,Costa Rica,CRI,Riverine flood,4.0,2143.0,2143.0,25000.0
2004,12,angola,0.0,0.0,2.0,1.0,2000.0,1.0,2660.0,3.725912,Angola,AGO,Riverine flood,1.0,2000.0,2000.0,
2004,12,sri lanka,0.0,0.0,13.0,6.0,200000.0,1.0,23460.0,5.484271,Sri Lanka,LKA,Riverine flood,6.0,200000.0,200000.0,
2004,12,malaysia,0.0,0.0,9.0,15.0,20000.0,1.5,43430.0,5.768124,Malaysia,MYS,Riverine flood,13.0,,15000.0,10000.0
2004,12,australia,0.0,0.0,15.0,3.0,150.0,1.0,80550.0,6.082157,Australia,AUS,Riverine flood,3.0,120.0,120.0,15000.0
2004,12,argentina,0.0,0.0,5.0,0.0,5000.0,1.0,3230.0,4.208173,Argentina,ARG,Riverine flood,,5000.0,5000.0,
2004,12,albania,0.0,0.0,5.0,0.0,0.0,1.0,430.0,3.332438,Albania,ALB,Riverine flood,,2500.0,2500.0,173.0
2004,11,panama,0.0,0.0,4.0,0.0,6500.0,1.5,5110.0,4.486572,Panama,PAN,Riverine flood,,7698.0,7698.0,
2004,11,uganda,0.0,0.0,3.0,0.0,10000.0,1.0,300.0,2.954243,Uganda,UGA,Riverine flood,,10000.0,10000.0,
2004,10,central african republic,0.0,0.0,10.0,1.0,1410.0,1.0,1516.0,4.180699,Central African Republic,CAF,Flash flood,3.0,,12702.0,
2004,10,colombia,0.0,0.0,51.0,30.0,300000.0,1.0,159600.0,6.910603,Colombia,COL,Riverine flood,36.0,345314.0,345386.0,
2004,10,uganda,0.0,0.0,3.0,0.0,1500.0,1.0,1130.0,3.5302,Uganda,UGA,Flood (General),,,20000.0,
2004,10,australia,0.0,0.0,4.0,0.0,100.0,1.0,1820.0,3.862131,Australia,AUS,Riverine flood,,100.0,100.0,5500.0
2004,10,india,0.0,0.0,12.0,210.0,100000.0,1.0,161700.0,6.287891,India,IND,Flash flood,160.0,,100000.0,
2004,9,panama,0.0,0.0,3.0,13.0,11700.0,1.0,80.0,2.380211,Panama,PAN,Flash flood,16.0,11650.0,11650.0,
2004,9,china,0.0,0.0,7.0,196.0,500000.0,2.0,72280.0,6.005146,China,CHN,Riverine flood,222.0,8240000.0,8253000.0,471000.0
2004,8,nigeria,0.0,0.0,3.0,25.0,3000.0,1.0,20780.0,4.794767,Nigeria,NGA,Flash flood,25.0,3000.0,3000.0,
2004,8,nigeria,0.0,0.0,3.0,25.0,3000.0,1.0,20780.0,4.794767,Nigeria,NGA,Flash flood,65.0,10000.0,10600.0,
2004,8,nigeria,0.0,0.0,3.0,25.0,3000.0,1.0,20780.0,4.794767,Nigeria,NGA,Riverine flood,,15000.0,15000.0,
2004,8,nigeria,0.0,0.0,5.0,65.0,2500.0,1.0,5480.0,4.437751,Nigeria,NGA,Flash flood,25.0,3000.0,3000.0,
2004,8,nigeria,0.0,0.0,5.0,65.0,2500.0,1.0,5480.0,4.437751,Nigeria,NGA,Flash flood,65.0,10000.0,10600.0,
2004,8,nigeria,0.0,0.0,5.0,65.0,2500.0,1.0,5480.0,4.437751,Nigeria,NGA,Riverine flood,,15000.0,15000.0,
2004,8,nigeria,0.0,0.0,3.0,0.0,15000.0,1.0,510.0,3.184691,Nigeria,NGA,Flash flood,25.0,3000.0,3000.0,
2004,8,nigeria,0.0,0.0,3.0,0.0,15000.0,1.0,510.0,3.184691,Nigeria,NGA,Flash flood,65.0,10000.0,10600.0,
2004,8,nigeria,0.0,0.0,3.0,0.0,15000.0,1.0,510.0,3.184691,Nigeria,NGA,Riverine flood,,15000.0,15000.0,
2004,8,south africa,0.0,0.0,3.0,0.0,15000.0,1.0,199.0,2.775974,South Africa,ZAF,Riverine flood,,,15000.0,
2004,8,thailand,0.0,0.0,59.0,11.0,60000.0,1.5,154400.0,7.135591,Thailand,THA,Riverine flood,9.0,500000.0,500000.0,
2004,8,india,0.0,0.0,39.0,210.0,100000.0,1.0,638400.0,7.396157,India,IND,Riverine flood,210.0,100000.0,100000.0,276000.0
2004,7,slovakia,0.0,0.0,15.0,2.0,1175.0,2.0,16220.0,5.687172,Slovakia,SVK,Riverine flood,1.0,230.0,230.0,
2004,7,china,0.0,0.0,19.0,11.0,0.0,1.0,106600.0,6.306511,China,CHN,Riverine flood,133.0,33648000.0,33652026.0,1100000.0
2004,7,romania,0.0,0.0,6.0,8.0,2000.0,1.5,17940.0,5.208065,Romania,ROU,Riverine flood,4.0,14128.0,14128.0,
2004,7,georgia,0.0,0.0,6.0,1.0,0.0,1.0,2160.0,4.112605,Georgia,GEO,Riverine flood,1.0,,90.0,2156.0
2004,7,new zealand,0.0,0.0,12.0,2.0,2850.0,1.5,6960.0,5.097882,New Zealand,NZL,Flash flood,2.0,2850.0,2850.0,45000.0
2004,7,china,0.0,0.0,14.0,2.0,135000.0,1.5,86020.0,6.256819,China,CHN,Riverine flood,133.0,33648000.0,33652026.0,1100000.0
2004,7,afghanistan,0.0,0.0,4.0,16.0,300.0,1.0,78940.0,5.499357,Afghanistan,AFG,Riverine flood,16.0,300.0,2000.0,
2004,7,china,0.0,0.0,15.0,0.0,150000.0,1.0,52800.0,5.898725,China,CHN,Riverine flood,133.0,33648000.0,33652026.0,1100000.0
2004,7,canada,0.0,0.0,3.0,0.0,250.0,1.5,510.0,3.360783,Canada,CAN,Flash flood,,,,200000.0
2004,7,china,0.0,0.0,14.0,24.0,82000.0,1.0,156600.0,6.34092,China,CHN,Riverine flood,133.0,33648000.0,33652026.0,1100000.0
2004,7,japan,0.0,0.0,6.0,18.0,5800.0,1.0,25360.0,5.1823,Japan,JPN,Flash flood,21.0,20000.0,25807.0,1950000.0
2004,7,nepal,0.0,0.0,38.0,185.0,100000.0,1.0,65220.0,6.394164,Nepal,NPL,Riverine flood,185.0,800000.0,800015.0,
2004,7,china,0.0,0.0,20.0,35.0,26000.0,1.0,44800.0,5.952308,China,CHN,Riverine flood,133.0,33648000.0,33652026.0,1100000.0
2004,6,chile,0.0,0.0,2.0,3.0,9000.0,1.0,4600.0,3.963788,Chile,CHL,Riverine flood,3.0,9000.0,9000.0,
2004,6,philippines,0.0,0.0,15.0,54.0,385000.0,1.5,84820.0,6.280681,Philippines,PHL,Flash flood,15.0,,1500.0,
2004,6,china,0.0,0.0,3.0,15.0,0.0,1.0,14990.0,4.652923,China,CHN,Flash flood,3.0,740.0,740.0,
2004,6,china,0.0,0.0,3.0,15.0,0.0,1.0,14990.0,4.652923,China,CHN,Riverine flood,5.0,90000.0,90000.0,
2004,6,china,0.0,0.0,3.0,15.0,0.0,1.0,14990.0,4.652923,China,CHN,Riverine flood,15.0,,,
2004,6,china,0.0,0.0,3.0,15.0,0.0,1.0,14990.0,4.652923,China,CHN,Riverine flood,47.0,168000.0,168500.0,361000.0
2004,6,china,0.0,0.0,3.0,15.0,0.0,1.0,14990.0,4.652923,China,CHN,Riverine flood,,556000.0,556073.0,
2004,6,philippines,0.0,0.0,3.0,5.0,1200.0,1.0,2080.0,3.795185,Philippines,PHL,Flash flood,15.0,,1500.0,
2004,6,nigeria,0.0,0.0,4.0,0.0,300.0,1.0,8720.0,4.542576,Nigeria,NGA,Riverine flood,4.0,300.0,300.0,
2004,6,nigeria,0.0,0.0,4.0,0.0,300.0,1.0,8720.0,4.542576,Nigeria,NGA,Riverine flood,,1000.0,1000.0,
2004,6,china,0.0,0.0,6.0,27.0,168000.0,1.0,92250.0,5.743118,China,CHN,Flash flood,3.0,740.0,740.0,
2004,6,china,0.0,0.0,6.0,27.0,168000.0,1.0,92250.0,5.743118,China,CHN,Riverine flood,5.0,90000.0,90000.0,
2004,6,china,0.0,0.0,6.0,27.0,168000.0,1.0,92250.0,5.743118,China,CHN,Riverine flood,15.0,,,
2004,6,china,0.0,0.0,6.0,27.0,168000.0,1.0,92250.0,5.743118,China,CHN,Riverine flood,47.0,168000.0,168500.0,361000.0
2004,6,china,0.0,0.0,6.0,27.0,168000.0,1.0,92250.0,5.743118,China,CHN,Riverine flood,,556000.0,556073.0,
2004,6,india,0.0,0.0,110.0,3000.0,40000000.0,1.5,1163000.0,8.283064,India,IND,Riverine flood,45.0,1000.0,1000.0,
2004,6,india,0.0,0.0,110.0,3000.0,40000000.0,1.5,1163000.0,8.283064,India,IND,Riverine flood,900.0,33000000.0,33000000.0,2500000.0
2004,6,brazil,0.0,0.0,2.0,7.0,3000.0,1.0,150.0,2.477121,Brazil,BRA,Riverine flood,28.0,,2254.0,370.0
2004,6,brazil,0.0,0.0,2.0,7.0,3000.0,1.0,150.0,2.477121,Brazil,BRA,Flash flood,7.0,3000.0,3000.0,
2004,6,nigeria,0.0,0.0,2.0,0.0,0.0,1.0,340.0,2.832509,Nigeria,NGA,Riverine flood,4.0,300.0,300.0,
2004,6,nigeria,0.0,0.0,2.0,0.0,0.0,1.0,340.0,2.832509,Nigeria,NGA,Riverine flood,,1000.0,1000.0,
2004,6,china,0.0,0.0,3.0,2.0,0.0,1.0,47480.0,5.153632,China,CHN,Flash flood,3.0,740.0,740.0,
2004,6,china,0.0,0.0,3.0,2.0,0.0,1.0,47480.0,5.153632,China,CHN,Riverine flood,5.0,90000.0,90000.0,
2004,6,china,0.0,0.0,3.0,2.0,0.0,1.0,47480.0,5.153632,China,CHN,Riverine flood,15.0,,,
2004,6,china,0.0,0.0,3.0,2.0,0.0,1.0,47480.0,5.153632,China,CHN,Riverine flood,47.0,168000.0,168500.0,361000.0
2004,6,china,0.0,0.0,3.0,2.0,0.0,1.0,47480.0,5.153632,China,CHN,Riverine flood,,556000.0,556073.0,
2004,6,mexico,0.0,0.0,4.0,1.0,350.0,1.0,420.0,3.225309,Mexico,MEX,Riverine flood,1.0,350.0,350.0,3600.0
2004,6,india,0.0,0.0,3.0,45.0,1000.0,1.0,9000.0,4.431364,India,IND,Riverine flood,45.0,1000.0,1000.0,
2004,6,india,0.0,0.0,3.0,45.0,1000.0,1.0,9000.0,4.431364,India,IND,Riverine flood,900.0,33000000.0,33000000.0,2500000.0
2004,6,china,0.0,0.0,2.0,3.0,0.0,1.0,9850.0,4.294466,China,CHN,Flash flood,3.0,740.0,740.0,
2004,6,china,0.0,0.0,2.0,3.0,0.0,1.0,9850.0,4.294466,China,CHN,Riverine flood,5.0,90000.0,90000.0,
2004,6,china,0.0,0.0,2.0,3.0,0.0,1.0,9850.0,4.294466,China,CHN,Riverine flood,15.0,,,
2004,6,china,0.0,0.0,2.0,3.0,0.0,1.0,9850.0,4.294466,China,CHN,Riverine flood,47.0,168000.0,168500.0,361000.0
2004,6,china,0.0,0.0,2.0,3.0,0.0,1.0,9850.0,4.294466,China,CHN,Riverine flood,,556000.0,556073.0,
2004,6,brazil,0.0,0.0,2.0,22.0,2250.0,1.0,150.0,2.477121,Brazil,BRA,Riverine flood,28.0,,2254.0,370.0
2004,6,brazil,0.0,0.0,2.0,22.0,2250.0,1.0,150.0,2.477121,Brazil,BRA,Flash flood,7.0,3000.0,3000.0,
2004,5,china,0.0,0.0,2.0,4.0,0.0,1.0,2440.0,3.68842,China,CHN,Flash flood,18.0,,,
2004,5,china,0.0,0.0,2.0,4.0,0.0,1.0,2440.0,3.68842,China,CHN,Riverine flood,7.0,,,53500.0
2004,5,china,0.0,0.0,2.0,18.0,0.0,1.0,114.0,2.357935,China,CHN,Flash flood,18.0,,,
2004,5,china,0.0,0.0,2.0,18.0,0.0,1.0,114.0,2.357935,China,CHN,Riverine flood,7.0,,,53500.0
2004,5,dominican republic,0.0,0.0,10.0,3300.0,13000.0,1.0,8900.0,4.94939,Dominican Republic,DOM,Riverine flood,688.0,7910.0,10002.0,
2004,5,china,0.0,0.0,5.0,7.0,0.0,1.0,10940.0,4.737987,China,CHN,Flash flood,18.0,,,
2004,5,china,0.0,0.0,5.0,7.0,0.0,1.0,10940.0,4.737987,China,CHN,Riverine flood,7.0,,,53500.0
2004,5,costa rica,0.0,0.0,2.0,1.0,1800.0,1.0,7980.0,4.203033,Costa Rica,CRI,Riverine flood,2.0,2056.0,2056.0,
2004,4,saudi arabia,0.0,0.0,3.0,5.0,400.0,1.0,2680.0,3.905256,Saudi Arabia,SAU,Riverine flood,5.0,400.0,430.0,
2004,4,djibouti,0.0,0.0,5.0,53.0,2000.0,1.0,370.0,3.267172,Djibouti,DJI,Flash flood,51.0,98500.0,100000.0,
2004,4,kenya,0.0,0.0,33.0,50.0,15000.0,1.0,268300.0,6.947135,Kenya,KEN,Flash flood,4.0,2000.0,2000.0,
2004,4,kenya,0.0,0.0,33.0,50.0,15000.0,1.0,268300.0,6.947135,Kenya,KEN,Riverine flood,50.0,10000.0,10000.0,
2004,4,mexico,0.0,0.0,3.0,37.0,3500.0,1.0,18400.0,4.741939,Mexico,MEX,Flash flood,37.0,3700.0,3740.0,
2004,3,papua new guinea,0.0,0.0,12.0,2.0,4000.0,1.0,3320.0,4.600319,Papua New Guinea,PNG,Riverine flood,,10000.0,10000.0,
2004,3,canada,0.0,0.0,3.0,0.0,38.0,1.5,90.0,2.607455,Canada,CAN,Riverine flood,,1000.0,1000.0,
2004,3,papua new guinea,0.0,0.0,5.0,0.0,10000.0,1.0,2000.0,4.0,Papua New Guinea,PNG,Riverine flood,,10000.0,10000.0,
2004,2,indonesia,0.0,0.0,4.0,1.0,3000.0,1.0,1080.0,3.635484,Indonesia,IDN,Riverine flood,5.0,13000.0,13000.0,60000.0
2004,2,indonesia,0.0,0.0,6.0,5.0,13000.0,1.0,280.0,3.225309,Indonesia,IDN,Riverine flood,5.0,13000.0,13000.0,60000.0
2004,2,indonesia,0.0,0.0,9.0,0.0,4000.0,1.0,3690.0,4.521269,Indonesia,IDN,Riverine flood,5.0,13000.0,13000.0,60000.0
2004,2,new zealand,0.0,0.0,13.0,2.0,2500.0,2.0,14840.0,5.586407,New Zealand,NZL,Flash flood,2.0,2500.0,2500.0,200000.0
2004,2,philippines,0.0,0.0,15.0,7.0,20000.0,1.0,20370.0,5.485082,Philippines,PHL,Riverine flood,7.0,20000.0,20000.0,
2004,2,namibia,0.0,0.0,123.0,10.0,40000.0,1.5,596100.0,8.041315,Namibia,NAM,Riverine flood,,20000.0,20000.0,
2004,2,indonesia,0.0,0.0,3.0,4.0,2400.0,1.0,26680.0,4.903307,Indonesia,IDN,Riverine flood,5.0,13000.0,13000.0,60000.0
2004,1,angola,0.0,0.0,35.0,0.0,0.0,1.0,75080.0,6.419592,Angola,AGO,Riverine flood,27.0,330000.0,331700.0,
2004,1,australia,0.0,0.0,8.0,0.0,0.0,1.5,17760.0,5.328624,Australia,AUS,Riverine flood,,3400.0,3400.0,32000.0
2004,1,malaysia,0.0,0.0,11.0,3.0,6900.0,1.0,32620.0,5.554877,Malaysia,MYS,Riverine flood,3.0,6900.0,6900.0,
2004,1,afghanistan,0.0,0.0,3.0,0.0,4000.0,1.0,1930.0,3.762679,Afghanistan,AFG,Riverine flood,,2500.0,2500.0,
2004,1,australia,0.0,0.0,43.0,0.0,3400.0,1.5,1232000.0,7.90017,Australia,AUS,Riverine flood,,3400.0,3400.0,32000.0
2003,12,malaysia,0.0,0.0,25.0,0.0,2000.0,1.0,21720.0,5.7348,Malaysia,MYS,Riverine flood,,2000.0,2000.0,
2003,12,costa rica,0.0,0.0,3.0,1.0,2500.0,1.0,770.0,3.363612,Costa Rica,CRI,Riverine flood,1.0,2500.0,2500.0,
2003,12,indonesia,0.0,0.0,45.0,148.0,350000.0,1.5,79400.0,6.729124,Indonesia,IDN,Riverine flood,148.0,350000.0,350000.0,
2003,12,thailand,0.0,0.0,6.0,6.0,0.0,1.0,23690.0,5.152716,Thailand,THA,Flash flood,6.0,104700.0,104700.0,1400.0
2003,11,malaysia,0.0,0.0,19.0,5.0,3000.0,1.0,22660.0,5.634014,Malaysia,MYS,Flash flood,5.0,3000.0,3000.0,
2003,12,indonesia,0.0,0.0,6.0,0.0,1000.0,1.0,540.0,3.510545,Indonesia,IDN,Riverine flood,148.0,350000.0,350000.0,
2003,11,indonesia,0.0,0.0,7.0,0.0,4000.0,1.0,3600.0,4.401401,Indonesia,IDN,Riverine flood,8.0,25000.0,25000.0,
2003,11,indonesia,0.0,0.0,7.0,0.0,4000.0,1.0,3600.0,4.401401,Indonesia,IDN,Flash flood,241.0,1468.0,1498.0,
2003,12,australia,0.0,0.0,2.0,0.0,50.0,1.0,100.0,2.30103,Australia,AUS,Flash flood,,50.0,50.0,75000.0
2003,12,france,0.0,0.0,10.0,9.0,27000.0,1.5,86270.0,6.111951,France,FRA,Flash flood,9.0,27000.0,27000.0,1500000.0
2003,11,brazil,0.0,0.0,2.0,7.0,2000.0,1.0,3340.0,3.824776,Brazil,BRA,Riverine flood,7.0,2000.0,2000.0,
2003,11,honduras,0.0,0.0,27.0,7.0,3000.0,1.0,5300.0,5.15564,Honduras,HND,Riverine flood,7.0,3000.0,3000.0,20000.0
2003,11,indonesia,0.0,0.0,3.0,3.0,12000.0,1.0,700.0,3.322219,Indonesia,IDN,Riverine flood,8.0,25000.0,25000.0,
2003,11,indonesia,0.0,0.0,3.0,3.0,12000.0,1.0,700.0,3.322219,Indonesia,IDN,Flash flood,241.0,1468.0,1498.0,
2003,11,morocco,0.0,0.0,5.0,13.0,0.0,1.0,21190.0,5.025101,Morocco,MAR,Flash flood,35.0,10000.0,10000.0,
2003,11,dominican republic,0.0,0.0,17.0,12.0,48000.0,1.0,21400.0,5.560863,Dominican Republic,DOM,Coastal flood,9.0,65000.0,65003.0,42620.0
2003,11,saudi arabia,0.0,0.0,2.0,12.0,0.0,1.0,500.0,3.0,Saudi Arabia,SAU,Riverine flood,12.0,,50.0,
2003,11,indonesia,0.0,0.0,2.0,165.0,1600.0,1.0,600.0,3.079181,Indonesia,IDN,Riverine flood,8.0,25000.0,25000.0,
2003,11,indonesia,0.0,0.0,2.0,165.0,1600.0,1.0,600.0,3.079181,Indonesia,IDN,Flash flood,241.0,1468.0,1498.0,
2003,10,rwanda,0.0,0.0,2.0,0.0,7000.0,1.0,90.0,2.255273,Rwanda,RWA,Riverine flood,,,7016.0,
2003,10,brazil,0.0,0.0,5.0,0.0,0.0,1.0,73220.0,5.5636,Brazil,BRA,Riverine flood,4.0,,2000.0,
2003,10,thailand,0.0,0.0,19.0,3.0,3000.0,1.5,11460.0,5.514029,Thailand,THA,Riverine flood,,,,
2003,10,thailand,0.0,0.0,19.0,3.0,3000.0,1.5,11460.0,5.514029,Thailand,THA,Riverine flood,3.0,3000.0,3000.0,25000.0
2003,10,canada,0.0,0.0,10.0,4.0,4000.0,1.5,61820.0,5.96722,Canada,CAN,Riverine flood,2.0,800.0,800.0,15000.0
2003,10,algeria,0.0,0.0,4.0,13.0,0.0,1.0,51770.0,5.316138,Algeria,DZA,Riverine flood,13.0,,,
2003,10,malaysia,0.0,0.0,23.0,3.0,39000.0,1.5,21800.0,5.876276,Malaysia,MYS,Riverine flood,3.0,13800.0,13800.0,
2003,9,nigeria,0.0,0.0,19.0,28.0,1000.0,1.0,137700.0,6.417688,Nigeria,NGA,Riverine flood,16.0,210000.0,210000.0,2570.0
2003,9,mexico,0.0,0.0,10.0,2.0,6000.0,1.0,114000.0,6.056905,Mexico,MEX,Coastal flood,2.0,50000.0,50000.0,
2003,9,china,0.0,0.0,3.0,13.0,8000.0,1.0,2290.0,3.836957,China,CHN,Riverine flood,13.0,8000.0,8000.0,9640.0
2003,9,nigeria,0.0,0.0,54.0,16.0,210000.0,1.0,134900.0,6.862406,Nigeria,NGA,Riverine flood,16.0,210000.0,210000.0,2570.0
2003,9,pakistan,0.0,0.0,2.0,30.0,0.0,1.0,3519.0,3.847449,Pakistan,PAK,Flash flood,36.0,,20.0,
2003,8,italy,0.0,0.0,2.0,2.0,300.0,1.0,1110.0,3.346353,Italy,ITA,Flash flood,2.0,350.0,350.0,655000.0
2003,8,haiti,0.0,0.0,2.0,24.0,12000.0,1.0,160.0,2.50515,Haiti,HTI,Flash flood,24.0,,12070.0,
2003,8,india,0.0,0.0,55.0,67.0,3000000.0,1.0,117900.0,6.811876,India,IND,Riverine flood,67.0,3000000.0,3000000.0,169000.0
2003,8,india,0.0,0.0,55.0,67.0,3000000.0,1.0,117900.0,6.811876,India,IND,Flash flood,43.0,,15.0,
2003,8,china,0.0,0.0,5.0,17.0,0.0,1.0,6160.0,4.488551,China,CHN,Riverine flood,123.0,,200000.0,2440000.0
2003,8,romania,0.0,0.0,1.0,2.0,0.0,1.0,370.0,2.568202,Romania,ROU,Flash flood,2.0,250.0,250.0,
2003,8,china,0.0,0.0,81.0,123.0,670000.0,1.5,471100.0,7.757689,China,CHN,Riverine flood,123.0,,200000.0,2440000.0
2003,8,china,0.0,0.0,2.0,3.0,0.0,1.0,27220.0,4.735918,China,CHN,Riverine flood,123.0,,200000.0,2440000.0
2003,8,somalia,0.0,0.0,3.0,1.0,0.0,1.0,550.0,3.217484,Somalia,SOM,Riverine flood,1.0,300.0,300.0,
2003,8,china,0.0,0.0,25.0,1.0,600.0,1.0,323800.0,6.908217,China,CHN,Riverine flood,123.0,,200000.0,2440000.0
2003,8,burkina faso,0.0,0.0,71.0,31.0,10000.0,1.0,1028000.0,7.863251,Burkina Faso,BFA,Riverine flood,,,12120.0,
2003,8,senegal,0.0,0.0,89.0,10.0,5300.0,1.0,586300.0,7.71751,Senegal,SEN,Riverine flood,8.0,1277.0,7769.0,
2003,8,algeria,0.0,0.0,3.0,13.0,0.0,1.0,78730.0,5.373262,Algeria,DZA,Riverine flood,13.0,,,
2003,8,india,0.0,0.0,5.0,0.0,2800.0,1.0,21090.0,5.023047,India,IND,Riverine flood,67.0,3000000.0,3000000.0,169000.0
2003,8,india,0.0,0.0,5.0,0.0,2800.0,1.0,21090.0,5.023047,India,IND,Flash flood,43.0,,15.0,
2003,8,canada,0.0,0.0,2.0,0.0,400.0,1.0,1990.0,3.599883,Canada,CAN,Flash flood,,400.0,400.0,10000.0
2003,7,china,0.0,0.0,3.0,2.0,0.0,1.0,9890.0,4.472318,China,CHN,Riverine flood,30.0,,1200000.0,4830000.0
2003,7,afghanistan,0.0,0.0,2.0,30.0,0.0,1.5,2580.0,3.888741,Afghanistan,AFG,Flash flood,33.0,,250.0,
2003,7,afghanistan,0.0,0.0,2.0,30.0,0.0,1.5,2580.0,3.888741,Afghanistan,AFG,Riverine flood,15.0,,,
2003,7,afghanistan,0.0,0.0,2.0,30.0,0.0,1.5,2580.0,3.888741,Afghanistan,AFG,Riverine flood,24.0,,3.0,
2003,7,india,0.0,0.0,5.0,2.0,14000.0,1.0,12780.0,4.805501,India,IND,Riverine flood,13.0,10000.0,14500.0,
2003,7,india,0.0,0.0,5.0,2.0,14000.0,1.0,12780.0,4.805501,India,IND,Flash flood,150.0,,30.0,
2003,7,sudan,0.0,0.0,25.0,20.0,325000.0,1.5,95750.0,6.55517,Sudan,SDN,Riverine flood,20.0,325000.0,325056.0,184000.0
2003,7,china,0.0,0.0,76.0,0.0,1000.0,1.0,215600.0,7.214462,China,CHN,Riverine flood,30.0,,1200000.0,4830000.0
2003,7,china,0.0,0.0,3.0,14.0,30000.0,1.0,39470.0,5.073388,China,CHN,Riverine flood,30.0,,1200000.0,4830000.0
2003,7,mongolia,0.0,0.0,21.0,20.0,400.0,1.0,281900.0,6.772314,Mongolia,MNG,Flash flood,15.0,1500.0,1650.0,270.0
2003,7,japan,0.0,0.0,3.0,19.0,800.0,1.0,8080.0,4.384533,Japan,JPN,Riverine flood,23.0,800.0,814.0,7000.0
2003,7,afghanistan,0.0,0.0,4.0,9.0,0.0,1.0,33250.0,5.123852,Afghanistan,AFG,Flash flood,33.0,,250.0,
2003,7,afghanistan,0.0,0.0,4.0,9.0,0.0,1.0,33250.0,5.123852,Afghanistan,AFG,Riverine flood,15.0,,,
2003,7,afghanistan,0.0,0.0,4.0,9.0,0.0,1.0,33250.0,5.123852,Afghanistan,AFG,Riverine flood,24.0,,3.0,
2003,7,pakistan,0.0,0.0,49.0,285.0,900000.0,1.0,868200.0,7.628816,Pakistan,PAK,Riverine flood,,,,
2003,7,pakistan,0.0,0.0,49.0,285.0,900000.0,1.0,868200.0,7.628816,Pakistan,PAK,Riverine flood,230.0,1265767.0,1266223.0,
2003,7,china,0.0,0.0,4.0,1.0,0.0,1.0,103800.0,5.618257,China,CHN,Riverine flood,30.0,,1200000.0,4830000.0
2003,7,afghanistan,0.0,0.0,3.0,9.0,0.0,1.0,1440.0,3.635484,Afghanistan,AFG,Flash flood,33.0,,250.0,
2003,7,afghanistan,0.0,0.0,3.0,9.0,0.0,1.0,1440.0,3.635484,Afghanistan,AFG,Riverine flood,15.0,,,
2003,7,afghanistan,0.0,0.0,3.0,9.0,0.0,1.0,1440.0,3.635484,Afghanistan,AFG,Riverine flood,24.0,,3.0,
2003,7,nepal,0.0,0.0,49.0,217.0,4000.0,1.0,137100.0,6.827234,Nepal,NPL,Riverine flood,239.0,43395.0,59254.0,
2003,7,afghanistan,0.0,0.0,2.0,2.0,280.0,1.0,1490.0,3.474216,Afghanistan,AFG,Flash flood,33.0,,250.0,
2003,7,afghanistan,0.0,0.0,2.0,2.0,280.0,1.0,1490.0,3.474216,Afghanistan,AFG,Riverine flood,15.0,,,
2003,7,afghanistan,0.0,0.0,2.0,2.0,280.0,1.0,1490.0,3.474216,Afghanistan,AFG,Riverine flood,24.0,,3.0,
2003,7,afghanistan,0.0,0.0,4.0,0.0,0.0,1.0,4100.0,4.214844,Afghanistan,AFG,Flash flood,33.0,,250.0,
2003,7,afghanistan,0.0,0.0,4.0,0.0,0.0,1.0,4100.0,4.214844,Afghanistan,AFG,Riverine flood,15.0,,,
2003,7,afghanistan,0.0,0.0,4.0,0.0,0.0,1.0,4100.0,4.214844,Afghanistan,AFG,Riverine flood,24.0,,3.0,
2003,7,uganda,0.0,0.0,3.0,20.0,700.0,1.0,960.0,3.459392,Uganda,UGA,Riverine flood,20.0,700.0,700.0,
2003,7,china,0.0,0.0,38.0,18.0,1600000.0,1.5,108400.0,6.790904,China,CHN,Riverine flood,30.0,,1200000.0,4830000.0
2003,6,afghanistan,0.0,0.0,2.0,0.0,0.0,1.0,2780.0,3.745075,Afghanistan,AFG,Riverine flood,13.0,100.0,100.0,
2003,6,china,0.0,0.0,36.0,430.0,1500000.0,1.0,1287000.0,7.665881,China,CHN,Riverine flood,28.0,,,
2003,6,china,0.0,0.0,36.0,430.0,1500000.0,1.0,1287000.0,7.665881,China,CHN,Riverine flood,430.0,150000000.0,150146000.0,7890000.0
2003,6,india,0.0,0.0,7.0,4.0,0.0,1.0,37670.0,5.421094,India,IND,Riverine flood,142.0,4550000.0,4550000.0,
2003,6,india,0.0,0.0,4.0,4.0,0.0,1.0,760.0,3.482874,India,IND,Riverine flood,142.0,4550000.0,4550000.0,
2003,6,bangladesh,0.0,0.0,15.0,55.0,20000.0,1.0,4230.0,4.802432,Bangladesh,BGD,Riverine flood,187.0,50000.0,50000.0,
2003,6,bangladesh,0.0,0.0,15.0,55.0,20000.0,1.0,4230.0,4.802432,Bangladesh,BGD,Flash flood,65.0,500000.0,500000.0,
2003,6,afghanistan,0.0,0.0,6.0,13.0,100.0,1.0,2650.0,4.201397,Afghanistan,AFG,Riverine flood,13.0,100.0,100.0,
2003,6,mexico,0.0,0.0,4.0,0.0,800.0,1.0,60.0,2.380211,Mexico,MEX,Riverine flood,4.0,,3050.0,
2003,6,mexico,0.0,0.0,4.0,0.0,800.0,1.0,60.0,2.380211,Mexico,MEX,Flash flood,,800.0,800.0,
2003,6,bangladesh,0.0,0.0,122.0,600.0,9500000.0,1.5,702400.0,8.109036,Bangladesh,BGD,Riverine flood,187.0,50000.0,50000.0,
2003,6,bangladesh,0.0,0.0,122.0,600.0,9500000.0,1.5,702400.0,8.109036,Bangladesh,BGD,Flash flood,65.0,500000.0,500000.0,
2003,6,tajikistan,0.0,0.0,5.0,3.0,2500.0,1.0,1700.0,3.929419,Tajikistan,TJK,Riverine flood,6.0,975.0,1755.0,20000.0
2003,6,china,0.0,0.0,62.0,0.0,0.0,1.0,9130.0,5.752862,China,CHN,Riverine flood,28.0,,,
2003,6,china,0.0,0.0,62.0,0.0,0.0,1.0,9130.0,5.752862,China,CHN,Riverine flood,430.0,150000000.0,150146000.0,7890000.0
2003,6,mexico,0.0,0.0,2.0,4.0,3000.0,1.0,1200.0,3.380211,Mexico,MEX,Riverine flood,4.0,,3050.0,
2003,6,mexico,0.0,0.0,2.0,4.0,3000.0,1.0,1200.0,3.380211,Mexico,MEX,Flash flood,,800.0,800.0,
2003,6,china,0.0,0.0,3.0,28.0,0.0,1.0,44620.0,5.126651,China,CHN,Riverine flood,28.0,,,
2003,6,china,0.0,0.0,3.0,28.0,0.0,1.0,44620.0,5.126651,China,CHN,Riverine flood,430.0,150000000.0,150146000.0,7890000.0
2003,5,afghanistan,0.0,0.0,12.0,0.0,400.0,1.0,10280.0,5.091174,Afghanistan,AFG,Flash flood,,400.0,400.0,
2003,5,philippines,0.0,0.0,5.0,41.0,8357.0,1.5,17430.0,5.116359,Philippines,PHL,Flash flood,,3500.0,3500.0,
2003,5,american samoa,0.0,0.0,2.0,4.0,0.0,1.0,174.0,2.541579,American Samoa,ASM,Flash flood,6.0,,3.0,50000.0
2003,5,sri lanka,0.0,0.0,10.0,266.0,300000.0,1.5,13490.0,5.306103,Sri Lanka,LKA,Flash flood,235.0,695000.0,695000.0,29000.0
2003,5,china,0.0,0.0,7.0,83.0,18000.0,1.0,317900.0,6.347389,China,CHN,Riverine flood,38.0,4360000.0,4370986.0,160000.0
2003,5,australia,0.0,0.0,6.0,0.0,300.0,1.0,5265.0,4.49955,Australia,AUS,Flash flood,,300.0,300.0,
2003,5,somalia,0.0,0.0,3.0,0.0,0.0,1.0,33800.0,5.006038,Somalia,SOM,Riverine flood,,,,
2003,4,argentina,0.0,0.0,13.0,24.0,161500.0,2.0,202800.0,6.722041,Argentina,ARG,Riverine flood,23.0,140000.0,160000.0,1028210.0
2003,4,afghanistan,0.0,0.0,2.0,0.0,2000.0,1.0,1450.0,3.462398,Afghanistan,AFG,Flash flood,30.0,,1000.0,
2003,4,kenya,0.0,0.0,45.0,77.0,1000000.0,1.0,291400.0,7.117702,Kenya,KEN,Riverine flood,40.0,60000.0,60000.0,
2003,4,afghanistan,0.0,0.0,2.0,0.0,0.0,1.0,1500.0,3.477121,Afghanistan,AFG,Flash flood,30.0,,1000.0,
2003,4,afghanistan,0.0,0.0,3.0,2.0,800.0,1.0,1760.0,3.722634,Afghanistan,AFG,Flash flood,30.0,,1000.0,
2003,4,afghanistan,0.0,0.0,4.0,5.0,0.0,1.5,14990.0,4.953953,Afghanistan,AFG,Flash flood,30.0,,1000.0,
2003,4,puerto rico,0.0,0.0,7.0,4.0,300.0,1.0,1140.0,3.902003,Puerto Rico,PRI,Riverine flood,2.0,2405.0,2405.0,
2003,4,azerbaijan,0.0,0.0,50.0,0.0,0.0,1.0,30870.0,6.188507,Azerbaijan,AZE,Riverine flood,,30000.0,31500.0,55000.0
2003,4,malawi,0.0,0.0,4.0,4.0,0.0,1.0,2420.0,3.985875,Malawi,MWI,Flash flood,4.0,,1000.0,
2003,4,afghanistan,0.0,0.0,2.0,4.0,400.0,1.0,2790.0,3.746634,Afghanistan,AFG,Flash flood,30.0,,1000.0,
2003,4,azerbaijan,0.0,0.0,11.0,2.0,20000.0,1.5,238600.0,6.595154,Azerbaijan,AZE,Riverine flood,,30000.0,31500.0,55000.0
2003,3,canada,0.0,0.0,4.0,2.0,170.0,1.0,13530.0,4.733358,Canada,CAN,Riverine flood,2.0,170.0,170.0,10000.0
2003,3,mozambique,0.0,0.0,3.0,2.0,15000.0,1.0,700.0,3.322219,Mozambique,MOZ,Riverine flood,2.0,15000.0,15000.0,
2003,3,south africa,0.0,0.0,4.0,1.0,500.0,1.0,660.0,3.421604,South Africa,ZAF,Riverine flood,1.0,500.0,500.0,
2003,3,ukraine,0.0,0.0,14.0,0.0,130.0,1.0,79790.0,6.048077,Ukraine,UKR,Riverine flood,,600.0,600.0,
2003,3,afghanistan,0.0,0.0,12.0,14.0,2000.0,1.0,12250.0,5.167317,Afghanistan,AFG,Riverine flood,11.0,,2000.0,
2003,3,zambia,0.0,0.0,5.0,0.0,6400.0,1.5,9280.0,4.842609,Zambia,ZMB,Riverine flood,,,10000.0,
2003,3,mozambique,0.0,0.0,12.0,8.0,8300.0,1.0,116900.0,6.146996,Mozambique,MOZ,Riverine flood,2.0,15000.0,15000.0,
2003,1,brazil,0.0,0.0,102.0,0.0,0.0,1.0,139100.0,7.151927,Brazil,BRA,Riverine flood,29.0,16000.0,16000.0,
2003,1,brazil,0.0,0.0,102.0,0.0,0.0,1.0,139100.0,7.151927,Brazil,BRA,Riverine flood,54.0,,10511.0,
2003,1,greece,0.0,0.0,12.0,0.0,0.0,1.0,35400.0,5.628185,Greece,GRC,Riverine flood,3.0,450.0,450.0,
2003,2,zimbabwe,0.0,0.0,4.0,2.0,18000.0,1.0,10700.0,4.631444,Zimbabwe,ZWE,Riverine flood,2.0,18000.0,18000.0,200000.0
2003,2,australia,0.0,0.0,31.0,0.0,0.0,1.0,552800.0,7.23393,Australia,AUS,Flash flood,,100.0,100.0,
2003,2,australia,0.0,0.0,31.0,0.0,0.0,1.0,552800.0,7.23393,Australia,AUS,Riverine flood,1.0,20.0,20.0,2000.0
2003,2,australia,0.0,0.0,4.0,0.0,100.0,1.0,57420.0,5.361123,Australia,AUS,Flash flood,,100.0,100.0,
2003,2,australia,0.0,0.0,4.0,0.0,100.0,1.0,57420.0,5.361123,Australia,AUS,Riverine flood,1.0,20.0,20.0,2000.0
2003,2,australia,0.0,0.0,4.0,0.0,0.0,1.0,9000.0,4.556303,Australia,AUS,Flash flood,,100.0,100.0,
2003,2,australia,0.0,0.0,4.0,0.0,0.0,1.0,9000.0,4.556303,Australia,AUS,Riverine flood,1.0,20.0,20.0,2000.0
2003,2,lebanon,0.0,0.0,4.0,0.0,0.0,1.0,6350.0,4.404834,Lebanon,LBN,Riverine flood,,17000.0,17000.0,
2003,2,angola,0.0,0.0,15.0,0.0,0.0,1.0,115300.0,6.237921,Angola,AGO,Riverine flood,9.0,,600.0,
2003,2,indonesia,0.0,0.0,2.0,0.0,4300.0,1.0,400.0,2.90309,Indonesia,IDN,Riverine flood,3.0,33000.0,33000.0,
2003,2,canada,0.0,0.0,7.0,0.0,1100.0,1.0,1000.0,3.845098,Canada,CAN,Riverine flood,,1100.0,1100.0,
2003,2,indonesia,0.0,0.0,2.0,3.0,33000.0,1.0,540.0,3.033424,Indonesia,IDN,Riverine flood,3.0,33000.0,33000.0,
2003,2,australia,0.0,0.0,4.0,0.0,0.0,1.0,40590.0,5.210479,Australia,AUS,Flash flood,,100.0,100.0,
2003,2,australia,0.0,0.0,4.0,0.0,0.0,1.0,40590.0,5.210479,Australia,AUS,Riverine flood,1.0,20.0,20.0,2000.0
2003,2,australia,0.0,0.0,8.0,1.0,20.0,1.0,36500.0,5.465383,Australia,AUS,Flash flood,,100.0,100.0,
2003,2,australia,0.0,0.0,8.0,1.0,20.0,1.0,36500.0,5.465383,Australia,AUS,Riverine flood,1.0,20.0,20.0,2000.0
2003,2,mozambique,0.0,0.0,14.0,32.0,400000.0,1.0,88560.0,6.093366,Mozambique,MOZ,Riverine flood,32.0,400000.0,400000.0,
2003,2,indonesia,0.0,0.0,3.0,7.0,280.0,1.0,1560.0,3.670246,Indonesia,IDN,Riverine flood,3.0,33000.0,33000.0,
2003,1,indonesia,0.0,0.0,11.0,0.0,0.0,1.0,4160.0,4.660486,Indonesia,IDN,Riverine flood,3.0,10000.0,10000.0,
2003,1,indonesia,0.0,0.0,11.0,0.0,0.0,1.0,4160.0,4.660486,Indonesia,IDN,Flash flood,1.0,15000.0,15000.0,
2003,1,indonesia,0.0,0.0,11.0,0.0,0.0,1.0,4160.0,4.660486,Indonesia,IDN,Flood (General),,230.0,230.0,
2003,1,indonesia,0.0,0.0,11.0,0.0,0.0,1.0,4160.0,4.660486,Indonesia,IDN,Flood (General),10.0,3700.0,3700.0,
2003,1,peru,0.0,0.0,14.0,6.0,34000.0,1.0,22240.0,5.493263,Peru,PER,Riverine flood,18.0,60000.0,60012.0,
2003,1,peru,0.0,0.0,14.0,12.0,0.0,1.0,36370.0,5.706871,Peru,PER,Riverine flood,18.0,60000.0,60012.0,
2003,1,indonesia,0.0,0.0,13.0,3.0,20000.0,1.0,30490.0,5.598101,Indonesia,IDN,Riverine flood,3.0,10000.0,10000.0,
2003,1,indonesia,0.0,0.0,13.0,3.0,20000.0,1.0,30490.0,5.598101,Indonesia,IDN,Flash flood,1.0,15000.0,15000.0,
2003,1,indonesia,0.0,0.0,13.0,3.0,20000.0,1.0,30490.0,5.598101,Indonesia,IDN,Flood (General),,230.0,230.0,
2003,1,indonesia,0.0,0.0,13.0,3.0,20000.0,1.0,30490.0,5.598101,Indonesia,IDN,Flood (General),10.0,3700.0,3700.0,
2003,1,italy,0.0,0.0,3.0,1.0,1000.0,1.0,28760.0,4.93591,Italy,ITA,Riverine flood,1.0,1000.0,1000.0,150000.0
2003,1,tunisia,0.0,0.0,2.0,2.0,0.0,1.0,3620.0,3.859739,Tunisia,TUN,Riverine flood,8.0,27000.0,27000.0,
2003,1,peru,0.0,0.0,19.0,7.0,12000.0,1.0,78940.0,6.176051,Peru,PER,Riverine flood,18.0,60000.0,60012.0,
2003,1,madagascar,0.0,0.0,14.0,16.0,25000.0,1.0,148300.0,6.317269,Madagascar,MDG,Riverine flood,16.0,19788.0,23370.0,150000.0
2003,1,brazil,0.0,0.0,11.0,44.0,10000.0,1.0,6740.0,4.870053,Brazil,BRA,Riverine flood,29.0,16000.0,16000.0,
2003,1,brazil,0.0,0.0,11.0,44.0,10000.0,1.0,6740.0,4.870053,Brazil,BRA,Riverine flood,54.0,,10511.0,
2003,1,tunisia,0.0,0.0,3.0,8.0,27000.0,1.0,27680.0,4.919287,Tunisia,TUN,Riverine flood,8.0,27000.0,27000.0,
2003,1,afghanistan,0.0,0.0,7.0,0.0,300.0,1.0,1670.0,4.067815,Afghanistan,AFG,Flash flood,10.0,,,
2003,1,indonesia,0.0,0.0,24.0,0.0,30000.0,1.5,9360.0,5.527578,Indonesia,IDN,Riverine flood,3.0,10000.0,10000.0,
2003,1,indonesia,0.0,0.0,24.0,0.0,30000.0,1.5,9360.0,5.527578,Indonesia,IDN,Flash flood,1.0,15000.0,15000.0,
2003,1,indonesia,0.0,0.0,24.0,0.0,30000.0,1.5,9360.0,5.527578,Indonesia,IDN,Flood (General),,230.0,230.0,
2003,1,indonesia,0.0,0.0,24.0,0.0,30000.0,1.5,9360.0,5.527578,Indonesia,IDN,Flood (General),10.0,3700.0,3700.0,
2003,1,brazil,0.0,0.0,25.0,29.0,16000.0,1.0,75950.0,6.278468,Brazil,BRA,Riverine flood,29.0,16000.0,16000.0,
2003,1,brazil,0.0,0.0,25.0,29.0,16000.0,1.0,75950.0,6.278468,Brazil,BRA,Riverine flood,54.0,,10511.0,
2003,1,malawi,0.0,0.0,48.0,23.0,400000.0,1.0,354400.0,7.230735,Malawi,MWI,Coastal flood,8.0,18500.0,18500.0,
2003,1,kenya,0.0,0.0,3.0,0.0,300.0,1.0,390.0,3.068186,Kenya,KEN,Riverine flood,,300.0,300.0,
2002,12,vanuatu,0.0,0.0,5.0,0.0,0.0,1.0,146.0,2.863323,Vanuatu,VUT,Riverine flood,,3000.0,3001.0,
2002,12,kenya,0.0,0.0,3.0,6.0,3000.0,1.0,750.0,3.352183,Kenya,KEN,Riverine flood,6.0,3000.0,3000.0,
2002,12,sri lanka,0.0,0.0,5.0,2.0,500000.0,1.0,14150.0,4.849726,Sri Lanka,LKA,Riverine flood,2.0,500000.0,500000.0,
2002,12,greece,0.0,0.0,5.0,0.0,0.0,1.0,1030.0,3.711807,Greece,GRC,Riverine flood,,,,
2002,12,greece,0.0,0.0,5.0,0.0,0.0,1.0,1030.0,3.711807,Greece,GRC,Flood (General),,180.0,180.0,
2002,11,italy,0.0,0.0,12.0,0.0,10000.0,1.0,29900.0,5.554852,Italy,ITA,Riverine flood,2.0,10000.0,10000.0,300000.0
2002,11,morocco,0.0,0.0,6.0,63.0,0.0,1.5,40850.0,5.565435,Morocco,MAR,Riverine flood,80.0,15000.0,15017.0,200000.0
2002,11,indonesia,0.0,0.0,15.0,12.0,117000.0,1.5,17000.0,5.582631,Indonesia,IDN,Riverine flood,13.0,87000.0,87000.0,1600.0
2002,11,costa rica,0.0,0.0,21.0,8.0,7000.0,1.5,2200.0,4.840733,Costa Rica,CRI,Riverine flood,10.0,75000.0,75040.0,
2002,11,congo,0.0,0.0,57.0,0.0,3000.0,1.0,115400.0,6.818081,Congo,COG,Riverine flood,,5000.0,53000.0,
2002,11,kenya,0.0,0.0,4.0,12.0,2000.0,1.0,920.0,3.565848,Kenya,KEN,Flash flood,12.0,2000.0,2000.0,
2002,11,peru,0.0,0.0,4.0,4.0,100.0,1.0,6100.0,4.38739,Peru,PER,Riverine flood,4.0,350.0,350.0,
2002,10,india,0.0,0.0,5.0,20.0,300.0,1.0,22700.0,5.054996,India,IND,Flood (General),20.0,200.0,200.0,
2002,10,india,0.0,0.0,5.0,20.0,300.0,1.0,22700.0,5.054996,India,IND,Riverine flood,11.0,,,
2002,10,china,0.0,0.0,6.0,0.0,50000.0,1.0,7900.0,4.675778,China,CHN,Riverine flood,,50000.0,50000.0,
2002,10,kenya,0.0,0.0,7.0,14.0,20000.0,1.0,77900.0,5.736635,Kenya,KEN,Riverine flood,14.0,20000.0,20000.0,
2002,10,argentina,0.0,0.0,22.0,7.0,6000.0,1.0,424000.0,6.969789,Argentina,ARG,Riverine flood,4.0,6000.0,6000.0,
2002,10,india,0.0,0.0,7.0,11.0,0.0,1.0,9750.0,4.834103,India,IND,Flood (General),20.0,200.0,200.0,
2002,10,india,0.0,0.0,7.0,11.0,0.0,1.0,9750.0,4.834103,India,IND,Riverine flood,11.0,,,
2002,10,algeria,0.0,0.0,4.0,13.0,0.0,1.0,23940.0,4.981184,Algeria,DZA,Riverine flood,13.0,,4.0,
2002,9,thailand,0.0,0.0,77.0,1.0,3000.0,1.0,139700.0,7.031687,Thailand,THA,Flash flood,,1500.0,1500.0,
2002,9,albania,0.0,0.0,18.0,1.0,9700.0,1.0,11920.0,5.331549,Albania,ALB,Riverine flood,1.0,66884.0,66884.0,17500.0
2002,9,mexico,0.0,0.0,5.0,10.0,0.0,1.0,35140.0,5.244772,Mexico,MEX,Riverine flood,10.0,,,
2002,9,france,0.0,0.0,5.0,23.0,2500.0,1.0,10480.0,4.719331,France,FRA,Flash flood,25.0,12000.0,12000.0,1190000.0
2002,8,yemen,0.0,0.0,16.0,28.0,0.0,1.0,19470.0,5.493486,Yemen,YEM,Riverine flood,28.0,,,
2002,9,india,0.0,0.0,4.0,22.0,5000.0,1.0,79000.0,5.499687,India,IND,Riverine flood,22.0,5000.0,5000.0,
2002,8,chile,0.0,0.0,6.0,2.0,8000.0,1.0,62180.0,5.571802,Chile,CHL,Riverine flood,2.0,8000.0,8000.0,
2002,8,pakistan,0.0,0.0,7.0,22.0,3000.0,1.0,4900.0,4.535294,Pakistan,PAK,Riverine flood,22.0,3000.0,3010.0,30.0
2002,8,pakistan,0.0,0.0,7.0,22.0,3000.0,1.0,4900.0,4.535294,Pakistan,PAK,Flash flood,14.0,,,
2002,8,algeria,0.0,0.0,12.0,28.0,500.0,1.0,25340.0,5.482988,Algeria,DZA,Riverine flood,29.0,2285.0,2301.0,1500.0
2002,8,china,0.0,0.0,5.0,0.0,0.0,1.5,17450.0,5.116857,China,CHN,Riverine flood,178.0,999000.0,999311.0,4200.0
2002,8,china,0.0,0.0,5.0,0.0,0.0,1.5,17450.0,5.116857,China,CHN,Riverine flood,16.0,5250000.0,5250000.0,
2002,8,china,0.0,0.0,5.0,0.0,0.0,1.5,17450.0,5.116857,China,CHN,Coastal flood,61.0,,15.0,
2002,8,china,0.0,0.0,5.0,0.0,0.0,1.5,17450.0,5.116857,China,CHN,Flood (General),165.0,6340000.0,6340000.0,540000.0
2002,8,china,0.0,0.0,7.0,106.0,13000.0,1.0,17270.0,5.08239,China,CHN,Riverine flood,178.0,999000.0,999311.0,4200.0
2002,8,china,0.0,0.0,7.0,106.0,13000.0,1.0,17270.0,5.08239,China,CHN,Riverine flood,16.0,5250000.0,5250000.0,
2002,8,china,0.0,0.0,7.0,106.0,13000.0,1.0,17270.0,5.08239,China,CHN,Coastal flood,61.0,,15.0,
2002,8,china,0.0,0.0,7.0,106.0,13000.0,1.0,17270.0,5.08239,China,CHN,Flood (General),165.0,6340000.0,6340000.0,540000.0
2002,8,south africa,0.0,0.0,3.0,16.0,2500.0,1.0,3000.0,3.954243,South Africa,ZAF,Riverine flood,16.0,2500.0,2500.0,
2002,8,mexico,0.0,0.0,3.0,21.0,5000.0,1.0,1000.0,3.477121,Mexico,MEX,Flash flood,27.0,7000.0,7000.0,
2002,8,china,0.0,0.0,5.0,21.0,0.0,1.0,28020.0,5.146438,China,CHN,Riverine flood,178.0,999000.0,999311.0,4200.0
2002,8,china,0.0,0.0,5.0,21.0,0.0,1.0,28020.0,5.146438,China,CHN,Riverine flood,16.0,5250000.0,5250000.0,
2002,8,china,0.0,0.0,5.0,21.0,0.0,1.0,28020.0,5.146438,China,CHN,Coastal flood,61.0,,15.0,
2002,8,china,0.0,0.0,5.0,21.0,0.0,1.0,28020.0,5.146438,China,CHN,Flood (General),165.0,6340000.0,6340000.0,540000.0
2002,8,philippines,0.0,0.0,5.0,29.0,3000.0,1.0,11680.0,4.766413,Philippines,PHL,Coastal flood,26.0,3500.0,3559.0,
2002,8,china,0.0,0.0,6.0,5.0,0.0,1.0,520.0,3.494155,China,CHN,Riverine flood,178.0,999000.0,999311.0,4200.0
2002,8,china,0.0,0.0,6.0,5.0,0.0,1.0,520.0,3.494155,China,CHN,Riverine flood,16.0,5250000.0,5250000.0,
2002,8,china,0.0,0.0,6.0,5.0,0.0,1.0,520.0,3.494155,China,CHN,Coastal flood,61.0,,15.0,
2002,8,china,0.0,0.0,6.0,5.0,0.0,1.0,520.0,3.494155,China,CHN,Flood (General),165.0,6340000.0,6340000.0,540000.0
2002,8,india,0.0,0.0,3.0,33.0,0.0,1.0,6770.0,4.30771,India,IND,Riverine flood,33.0,,50.0,20000.0
2002,8,india,0.0,0.0,3.0,33.0,0.0,1.0,6770.0,4.30771,India,IND,Riverine flood,100.0,3000.0,3000.0,
2002,8,china,0.0,0.0,23.0,124.0,270000.0,1.0,94510.0,6.337206,China,CHN,Riverine flood,178.0,999000.0,999311.0,4200.0
2002,8,china,0.0,0.0,23.0,124.0,270000.0,1.0,94510.0,6.337206,China,CHN,Riverine flood,16.0,5250000.0,5250000.0,
2002,8,china,0.0,0.0,23.0,124.0,270000.0,1.0,94510.0,6.337206,China,CHN,Coastal flood,61.0,,15.0,
2002,8,china,0.0,0.0,23.0,124.0,270000.0,1.0,94510.0,6.337206,China,CHN,Flood (General),165.0,6340000.0,6340000.0,540000.0
2002,8,romania,0.0,0.0,2.0,1.0,0.0,1.0,16410.0,4.516139,Romania,ROU,Flash flood,1.0,300.0,301.0,290.0
2002,8,romania,0.0,0.0,2.0,1.0,0.0,1.0,16410.0,4.516139,Romania,ROU,Flash flood,4.0,,3900.0,
2002,8,china,0.0,0.0,8.0,10.0,1500.0,1.0,2100.0,4.225309,China,CHN,Riverine flood,178.0,999000.0,999311.0,4200.0
2002,8,china,0.0,0.0,8.0,10.0,1500.0,1.0,2100.0,4.225309,China,CHN,Riverine flood,16.0,5250000.0,5250000.0,
2002,8,china,0.0,0.0,8.0,10.0,1500.0,1.0,2100.0,4.225309,China,CHN,Coastal flood,61.0,,15.0,
2002,8,china,0.0,0.0,8.0,10.0,1500.0,1.0,2100.0,4.225309,China,CHN,Flood (General),165.0,6340000.0,6340000.0,540000.0
2002,8,china,0.0,0.0,2.0,28.0,0.0,1.0,5170.0,4.014521,China,CHN,Riverine flood,178.0,999000.0,999311.0,4200.0
2002,8,china,0.0,0.0,2.0,28.0,0.0,1.0,5170.0,4.014521,China,CHN,Riverine flood,16.0,5250000.0,5250000.0,
2002,8,china,0.0,0.0,2.0,28.0,0.0,1.0,5170.0,4.014521,China,CHN,Coastal flood,61.0,,15.0,
2002,8,china,0.0,0.0,2.0,28.0,0.0,1.0,5170.0,4.014521,China,CHN,Flood (General),165.0,6340000.0,6340000.0,540000.0
2002,8,pakistan,0.0,0.0,5.0,3.0,800.0,1.0,1350.0,3.829304,Pakistan,PAK,Riverine flood,22.0,3000.0,3010.0,30.0
2002,8,pakistan,0.0,0.0,5.0,3.0,800.0,1.0,1350.0,3.829304,Pakistan,PAK,Flash flood,14.0,,,
2002,8,china,0.0,0.0,4.0,2.0,0.0,1.0,6080.0,4.385964,China,CHN,Riverine flood,178.0,999000.0,999311.0,4200.0
2002,8,china,0.0,0.0,4.0,2.0,0.0,1.0,6080.0,4.385964,China,CHN,Riverine flood,16.0,5250000.0,5250000.0,
2002,8,china,0.0,0.0,4.0,2.0,0.0,1.0,6080.0,4.385964,China,CHN,Coastal flood,61.0,,15.0,
2002,8,china,0.0,0.0,4.0,2.0,0.0,1.0,6080.0,4.385964,China,CHN,Flood (General),165.0,6340000.0,6340000.0,540000.0
2002,7,romania,0.0,0.0,5.0,2.0,4000.0,1.0,3420.0,4.232996,Romania,ROU,Riverine flood,8.0,15000.0,15000.0,
2002,7,china,0.0,0.0,9.0,15.0,10000.0,1.5,127600.0,6.236184,China,CHN,Riverine flood,11.0,10000.0,12312.0,38600.0
2002,7,yemen,0.0,0.0,3.0,13.0,0.0,1.0,5160.0,4.189771,Yemen,YEM,Riverine flood,10.0,,,
2002,7,yemen,0.0,0.0,3.0,13.0,0.0,1.0,5160.0,4.189771,Yemen,YEM,Riverine flood,13.0,,,
2002,7,philippines,0.0,0.0,9.0,18.0,7000.0,1.0,12840.0,5.062808,Philippines,PHL,Coastal flood,18.0,7000.0,7000.0,
2002,7,romania,0.0,0.0,5.0,5.0,0.0,1.0,5420.0,4.432969,Romania,ROU,Riverine flood,8.0,15000.0,15000.0,
2002,7,philippines,0.0,0.0,14.0,61.0,25000.0,1.0,20600.0,5.459995,Philippines,PHL,Coastal flood,18.0,7000.0,7000.0,
2002,7,yemen,0.0,0.0,3.0,10.0,0.0,1.0,3900.0,4.068186,Yemen,YEM,Riverine flood,10.0,,,
2002,7,yemen,0.0,0.0,3.0,10.0,0.0,1.0,3900.0,4.068186,Yemen,YEM,Riverine flood,13.0,,,
2002,7,china,0.0,0.0,4.0,5.0,0.0,1.0,4730.0,4.276921,China,CHN,Riverine flood,11.0,10000.0,12312.0,38600.0
2002,6,india,0.0,0.0,69.0,503.0,15000000.0,1.0,276600.0,7.280701,India,IND,Riverine flood,549.0,42000000.0,42000000.0,30772.0
2002,6,china,0.0,0.0,8.0,11.0,80000.0,1.0,179000.0,6.155943,China,CHN,Flash flood,793.0,80000000.0,80035257.0,3100000.0
2002,6,china,0.0,0.0,14.0,0.0,0.0,1.0,600000.0,6.924279,China,CHN,Flash flood,793.0,80000000.0,80035257.0,3100000.0
2002,6,india,0.0,0.0,8.0,169.0,28000.0,1.0,170600.0,6.135069,India,IND,Riverine flood,549.0,42000000.0,42000000.0,30772.0
2002,6,india,0.0,0.0,2.0,4.0,11000.0,1.0,50.0,2.0,India,IND,Riverine flood,549.0,42000000.0,42000000.0,30772.0
2002,6,china,0.0,0.0,5.0,0.0,0.0,1.0,22460.0,5.05038,China,CHN,Flash flood,793.0,80000000.0,80035257.0,3100000.0
2002,6,canada,0.0,0.0,4.0,0.0,0.0,1.0,5530.0,4.344785,Canada,CAN,Riverine flood,,,,
2002,6,china,0.0,0.0,9.0,0.0,8000.0,1.5,20150.0,5.434609,China,CHN,Flash flood,793.0,80000000.0,80035257.0,3100000.0
2002,6,china,0.0,0.0,12.0,24.0,150000.0,1.0,13630.0,5.213677,China,CHN,Flash flood,793.0,80000000.0,80035257.0,3100000.0
2002,6,brazil,0.0,0.0,8.0,0.0,2000.0,1.0,18940.0,5.18047,Brazil,BRA,Riverine flood,,2000.0,2000.0,
2002,6,china,0.0,0.0,10.0,53.0,32000.0,1.0,130300.0,6.114944,China,CHN,Flash flood,793.0,80000000.0,80035257.0,3100000.0
2002,6,china,0.0,0.0,8.0,11.0,0.0,2.0,50530.0,5.907669,China,CHN,Flash flood,793.0,80000000.0,80035257.0,3100000.0
2002,6,tajikistan,0.0,0.0,3.0,4.0,0.0,1.0,1160.0,3.541579,Tajikistan,TJK,Riverine flood,8.0,,1500.0,
2002,6,india,0.0,0.0,7.0,0.0,25000.0,1.0,3790.0,4.423737,India,IND,Riverine flood,549.0,42000000.0,42000000.0,30772.0
2002,6,cuba,0.0,0.0,5.0,0.0,30000.0,1.0,15670.0,4.894039,Cuba,CUB,Riverine flood,,35000.0,35000.0,
2002,6,ghana,0.0,0.0,3.0,0.0,0.0,1.0,860.0,3.41162,Ghana,GHA,Riverine flood,4.0,2000.0,2000.0,
2002,6,china,0.0,0.0,11.0,326.0,300000.0,2.0,252000.0,6.743823,China,CHN,Flash flood,793.0,80000000.0,80035257.0,3100000.0
2002,5,china,0.0,0.0,31.0,22.0,0.0,1.5,124900.0,6.764015,China,CHN,Riverine flood,,561800.0,561800.0,53000.0
2002,5,china,0.0,0.0,31.0,22.0,0.0,1.5,124900.0,6.764015,China,CHN,Flood (General),22.0,7000.0,7001.0,50000.0
2002,5,china,0.0,0.0,31.0,22.0,0.0,1.5,124900.0,6.764015,China,CHN,Riverine flood,,20000000.0,20000000.0,943000.0
2002,4,uruguay,0.0,0.0,17.0,0.0,3600.0,1.0,205300.0,6.542838,Uruguay,URY,Flood (General),,,2500.0,
2002,5,chile,0.0,0.0,13.0,9.0,50000.0,2.0,166900.0,6.63743,Chile,CHL,Riverine flood,14.0,221842.0,221842.0,200000.0
2002,5,china,0.0,0.0,8.0,0.0,0.0,1.0,156100.0,6.096493,China,CHN,Riverine flood,,561800.0,561800.0,53000.0
2002,5,china,0.0,0.0,8.0,0.0,0.0,1.0,156100.0,6.096493,China,CHN,Flood (General),22.0,7000.0,7001.0,50000.0
2002,5,china,0.0,0.0,8.0,0.0,0.0,1.0,156100.0,6.096493,China,CHN,Riverine flood,,20000000.0,20000000.0,943000.0
2002,5,haiti,0.0,0.0,14.0,30.0,9000.0,1.0,79030.0,6.04392,Haiti,HTI,Flash flood,31.0,38335.0,38339.0,1000.0
2002,5,paraguay,0.0,0.0,23.0,0.0,1000.0,1.0,20250.0,5.668153,Paraguay,PRY,Riverine flood,,2765.0,2765.0,
2002,5,costa rica,0.0,0.0,6.0,0.0,5600.0,1.5,18670.0,5.225387,Costa Rica,CRI,Riverine flood,,20000.0,20000.0,1000.0
2002,4,kenya,0.0,0.0,33.0,160.0,168000.0,1.5,1019000.0,7.702779,Kenya,KEN,Riverine flood,53.0,150000.0,150008.0,
2002,4,kenya,0.0,0.0,4.0,2.0,0.0,1.0,3830.0,4.185259,Kenya,KEN,Riverine flood,53.0,150000.0,150008.0,
2002,4,colombia,0.0,0.0,6.0,14.0,0.0,1.0,483000.0,6.462098,Colombia,COL,Riverine flood,37.0,38000.0,38000.0,
2002,4,afghanistan,0.0,0.0,4.0,2.0,2000.0,1.0,3650.0,4.164353,Afghanistan,AFG,Riverine flood,39.0,4225.0,4225.0,
2002,4,afghanistan,0.0,0.0,4.0,2.0,2000.0,1.0,3650.0,4.164353,Afghanistan,AFG,Riverine flood,7.0,1200.0,1200.0,
2002,4,ethiopia,0.0,0.0,6.0,0.0,4000.0,1.0,282500.0,6.22917,Ethiopia,ETH,Riverine flood,22.0,4000.0,4000.0,
2002,4,indonesia,0.0,0.0,4.0,19.0,0.0,1.0,4900.0,4.292256,Indonesia,IDN,Riverine flood,19.0,,,
2002,4,indonesia,0.0,0.0,3.0,4.0,0.0,1.0,920.0,3.440909,Indonesia,IDN,Riverine flood,19.0,,,
2002,4,saudi arabia,0.0,0.0,6.0,19.0,0.0,1.0,22810.0,5.136277,Saudi Arabia,SAU,Riverine flood,19.0,,,
2002,4,afghanistan,0.0,0.0,4.0,39.0,2500.0,1.0,1170.0,3.670246,Afghanistan,AFG,Riverine flood,39.0,4225.0,4225.0,
2002,4,afghanistan,0.0,0.0,4.0,39.0,2500.0,1.0,1170.0,3.670246,Afghanistan,AFG,Riverine flood,7.0,1200.0,1200.0,
2002,3,canary islands,0.0,0.0,3.0,8.0,400.0,1.0,110.0,2.518514,Canary Islands,SPI,Riverine flood,16.0,400.0,430.0,79923.0
2002,3,tajikistan,0.0,0.0,9.0,0.0,280.0,1.0,5000.0,4.653213,Tajikistan,TJK,Riverine flood,,390.0,630.0,
2002,3,peru,0.0,0.0,15.0,13.0,500.0,1.0,13770.0,5.315025,Peru,PER,Riverine flood,13.0,2155.0,2169.0,
2002,3,indonesia,0.0,0.0,4.0,11.0,500.0,1.0,942.0,3.576111,Indonesia,IDN,Riverine flood,14.0,780.0,780.0,
2002,3,philippines,0.0,0.0,6.0,35.0,50000.0,1.0,5280.0,4.500785,Philippines,PHL,Riverine flood,35.0,50000.0,50000.0,1450.0
2002,3,mozambique,0.0,0.0,5.0,0.0,500.0,1.0,1176.0,3.769377,Mozambique,MOZ,Riverine flood,,,500.0,
2002,3,egypt,0.0,0.0,3.0,4.0,800.0,1.0,560.0,3.225309,Egypt,EGY,Riverine flood,4.0,800.0,800.0,
2002,3,ecuador,0.0,0.0,55.0,28.0,6000.0,1.0,52930.0,6.464065,Ecuador,ECU,Riverine flood,31.0,51080.0,54113.0,13000.0
2002,3,ecuador,0.0,0.0,55.0,28.0,6000.0,1.0,52930.0,6.464065,Ecuador,ECU,Flood (General),,520.0,520.0,3000.0
2002,3,afghanistan,0.0,0.0,5.0,0.0,0.0,1.0,1030.0,3.711807,Afghanistan,AFG,Flood (General),,120.0,120.0,
2002,1,new zealand,0.0,0.0,4.0,0.0,0.0,1.5,8030.0,4.682867,New Zealand,NZL,Riverine flood,,300.0,300.0,500.0
2002,2,peru,0.0,0.0,12.0,6.0,20000.0,1.0,333200.0,6.601886,Peru,PER,Riverine flood,6.0,8349.0,8349.0,
2002,2,brazil,0.0,0.0,3.0,10.0,2000.0,1.0,2250.0,3.829304,Brazil,BRA,Riverine flood,17.0,,1500.0,
2002,1,indonesia,0.0,0.0,17.0,147.0,380000.0,2.0,41000.0,6.144263,Indonesia,IDN,Riverine flood,150.0,500000.0,500750.0,350000.0
2002,1,indonesia,0.0,0.0,17.0,147.0,380000.0,2.0,41000.0,6.144263,Indonesia,IDN,Riverine flood,21.0,40.0,40.0,
2002,1,indonesia,0.0,0.0,17.0,147.0,380000.0,2.0,41000.0,6.144263,Indonesia,IDN,Riverine flood,13.0,2000.0,2000.0,
2002,1,senegal,0.0,0.0,4.0,28.0,80000.0,1.0,62710.0,5.399397,Senegal,SEN,Riverine flood,28.0,179000.0,179000.0,40979.0
2002,1,indonesia,0.0,0.0,12.0,0.0,3000.0,1.0,810.0,3.987666,Indonesia,IDN,Riverine flood,150.0,500000.0,500750.0,350000.0
2002,1,indonesia,0.0,0.0,12.0,0.0,3000.0,1.0,810.0,3.987666,Indonesia,IDN,Riverine flood,21.0,40.0,40.0,
2002,1,indonesia,0.0,0.0,12.0,0.0,3000.0,1.0,810.0,3.987666,Indonesia,IDN,Riverine flood,13.0,2000.0,2000.0,
2002,1,indonesia,0.0,0.0,6.0,13.0,0.0,1.0,4170.0,4.398287,Indonesia,IDN,Riverine flood,150.0,500000.0,500750.0,350000.0
2002,1,indonesia,0.0,0.0,6.0,13.0,0.0,1.0,4170.0,4.398287,Indonesia,IDN,Riverine flood,21.0,40.0,40.0,
2002,1,indonesia,0.0,0.0,6.0,13.0,0.0,1.0,4170.0,4.398287,Indonesia,IDN,Riverine flood,13.0,2000.0,2000.0,
2002,1,indonesia,0.0,0.0,5.0,22.0,0.0,1.0,1490.0,3.872156,Indonesia,IDN,Riverine flood,150.0,500000.0,500750.0,350000.0
2002,1,indonesia,0.0,0.0,5.0,22.0,0.0,1.0,1490.0,3.872156,Indonesia,IDN,Riverine flood,21.0,40.0,40.0,
2002,1,indonesia,0.0,0.0,5.0,22.0,0.0,1.0,1490.0,3.872156,Indonesia,IDN,Riverine flood,13.0,2000.0,2000.0,
2002,1,indonesia,0.0,0.0,3.0,4.0,240.0,1.0,220.0,2.819544,Indonesia,IDN,Riverine flood,150.0,500000.0,500750.0,350000.0
2002,1,indonesia,0.0,0.0,3.0,4.0,240.0,1.0,220.0,2.819544,Indonesia,IDN,Riverine flood,21.0,40.0,40.0,
2002,1,indonesia,0.0,0.0,3.0,4.0,240.0,1.0,220.0,2.819544,Indonesia,IDN,Riverine flood,13.0,2000.0,2000.0,
2002,1,philippines,0.0,0.0,4.0,9.0,95000.0,1.0,13420.0,4.729813,Philippines,PHL,Riverine flood,11.0,95000.0,95008.0,392.0
2002,1,indonesia,0.0,0.0,4.0,5.0,300.0,1.0,4560.0,4.261025,Indonesia,IDN,Riverine flood,150.0,500000.0,500750.0,350000.0
2002,1,indonesia,0.0,0.0,4.0,5.0,300.0,1.0,4560.0,4.261025,Indonesia,IDN,Riverine flood,21.0,40.0,40.0,
2002,1,indonesia,0.0,0.0,4.0,5.0,300.0,1.0,4560.0,4.261025,Indonesia,IDN,Riverine flood,13.0,2000.0,2000.0,
2001,12,malawi,0.0,0.0,67.0,1.0,20000.0,1.0,3860.0,5.412662,Malawi,MWI,Flood (General),,8750.0,8750.0,
2001,12,peru,0.0,0.0,4.0,6.0,20000.0,1.0,272800.0,6.037904,Peru,PER,Riverine flood,6.0,20000.0,20000.0,
2001,12,morocco,0.0,0.0,4.0,15.0,300.0,1.0,6400.0,4.40824,Morocco,MAR,Riverine flood,15.0,300.0,300.0,2200.0
2001,12,malaysia,0.0,0.0,13.0,11.0,18000.0,1.5,22940.0,5.650628,Malaysia,MYS,Riverine flood,11.0,18000.0,18000.0,
2001,12,colombia,0.0,0.0,2.0,8.0,0.0,1.0,5300.0,4.025306,Colombia,COL,Riverine flood,,4500.0,4500.0,
2001,11,greece,0.0,0.0,1.0,0.0,0.0,1.0,480.0,2.681241,Greece,GRC,Flash flood,,600.0,600.0,
2001,10,argentina,0.0,0.0,62.0,2.0,14500.0,2.0,627900.0,7.891312,Argentina,ARG,Riverine flood,1.0,250000.0,250000.0,750000.0
2001,9,mexico,0.0,0.0,9.0,3.0,38000.0,1.0,35720.0,5.507154,Mexico,MEX,Flash flood,21.0,,,
2001,9,china,0.0,0.0,4.0,25.0,100000.0,1.0,14700.0,4.769377,China,CHN,Flash flood,27.0,,250000.0,300000.0
2001,9,mexico,0.0,0.0,4.0,4.0,800.0,1.0,7800.0,4.494155,Mexico,MEX,Flash flood,21.0,,,
2001,8,guinea,0.0,0.0,53.0,11.0,43500.0,1.5,264100.0,7.322136,Guinea,GIN,Riverine flood,9.0,220000.0,220000.0,
2001,9,india,0.0,0.0,18.0,146.0,30000.0,1.0,30120.0,5.734127,India,IND,Flood (General),146.0,,,103000.0
2001,9,india,0.0,0.0,18.0,146.0,30000.0,1.0,30120.0,5.734127,India,IND,Flash flood,48.0,2800000.0,2800000.0,26000.0
2001,8,china,0.0,0.0,13.0,4.0,50000.0,1.0,14500.0,5.275311,China,CHN,Riverine flood,35.0,,2702.0,17000.0
2001,8,china,0.0,0.0,1.0,15.0,2000.0,1.0,5570.0,3.745855,China,CHN,Riverine flood,35.0,,2702.0,17000.0
2001,8,chad,0.0,0.0,54.0,100.0,40000.0,1.0,104300.0,6.750678,Chad,TCD,Flash flood,100.0,175763.0,175763.0,1000.0
2001,8,thailand,0.0,0.0,16.0,173.0,10000.0,1.0,4160.0,4.823213,Thailand,THA,Flash flood,104.0,450000.0,450109.0,24500.0
2001,8,thailand,0.0,0.0,16.0,173.0,10000.0,1.0,4160.0,4.823213,Thailand,THA,Flood (General),,4000.0,4000.0,
2001,8,sudan,0.0,0.0,39.0,5.0,45000.0,1.0,557900.0,7.337621,Sudan,SDN,Riverine flood,3.0,97000.0,97000.0,2000.0
2001,7,indonesia,0.0,0.0,2.0,1.0,3000.0,1.0,2400.0,3.681241,Indonesia,IDN,Riverine flood,257.0,,3694.0,
2001,7,india,0.0,0.0,34.0,36.0,2750000.0,1.0,190700.0,6.81183,India,IND,Riverine flood,100.0,9670000.0,9670000.0,90000.0
2001,7,india,0.0,0.0,34.0,36.0,2750000.0,1.0,190700.0,6.81183,India,IND,Riverine flood,86.0,40000.0,40000.0,116924.0
2001,7,poland,0.0,0.0,15.0,30.0,16000.0,1.0,47890.0,5.856336,Poland,POL,Riverine flood,27.0,15000.0,15000.0,700000.0
2001,7,india,0.0,0.0,34.0,100.0,2000000.0,1.5,105100.0,6.729173,India,IND,Riverine flood,100.0,9670000.0,9670000.0,90000.0
2001,7,india,0.0,0.0,34.0,100.0,2000000.0,1.5,105100.0,6.729173,India,IND,Riverine flood,86.0,40000.0,40000.0,116924.0
2001,6,romania,0.0,0.0,4.0,9.0,6000.0,1.0,14270.0,4.756484,Romania,ROU,Riverine flood,7.0,10800.0,10803.0,120000.0
2001,6,bangladesh,0.0,0.0,18.0,15.0,800000.0,1.5,17560.0,5.675888,Bangladesh,BGD,Riverine flood,9.0,500000.0,500000.0,
2001,4,france,0.0,0.0,26.0,0.0,1029.0,1.5,9210.0,5.555324,France,FRA,Riverine flood,,7371.0,7371.0,
2001,4,angola,0.0,0.0,8.0,20.0,15800.0,1.0,24780.0,5.297191,Angola,AGO,Riverine flood,48.0,39928.0,39928.0,
2001,3,ukraine,0.0,0.0,14.0,8.0,91000.0,2.0,30200.0,5.927165,Ukraine,UKR,Riverine flood,9.0,300000.0,300000.0,15000.0
2001,2,australia,0.0,0.0,6.0,0.0,670.0,1.5,32100.0,5.460748,Australia,AUS,Coastal flood,,670.0,670.0,13000.0
2001,2,australia,0.0,0.0,6.0,0.0,670.0,1.5,32100.0,5.460748,Australia,AUS,Riverine flood,,,,
2001,2,indonesia,0.0,0.0,15.0,131.0,81600.0,1.5,22470.0,5.703786,Indonesia,IDN,Flash flood,130.0,80000.0,80000.0,10000.0
2001,2,australia,0.0,0.0,6.0,1.0,300.0,1.0,110600.0,5.821906,Australia,AUS,Coastal flood,,670.0,670.0,13000.0
2001,2,australia,0.0,0.0,6.0,1.0,300.0,1.0,110600.0,5.821906,Australia,AUS,Riverine flood,,,,
2001,1,france,0.0,0.0,3.0,0.0,80.0,1.0,3920.0,4.070407,France,FRA,Flash flood,,390.0,390.0,
2001,1,mozambique,0.0,0.0,117.0,146.0,485000.0,1.5,202300.0,7.550273,Mozambique,MOZ,Coastal flood,79.0,549326.0,549326.0,36000.0
2000,12,croatia,0.0,0.0,3.0,0.0,2000.0,1.0,1050.0,3.498311,Croatia,HRV,Riverine flood,,600.0,600.0,
2000,12,indonesia,0.0,0.0,4.0,9.0,3000.0,1.5,590.0,3.549003,Indonesia,IDN,Flash flood,38.0,39852.0,39852.0,
2000,11,indonesia,0.0,0.0,11.0,243.0,68682.0,1.5,344400.0,6.754547,Indonesia,IDN,Riverine flood,100.0,386000.0,386021.0,34000.0
2000,11,australia,0.0,0.0,16.0,0.0,600.0,2.0,112000.0,6.554368,Australia,AUS,Riverine flood,,600.0,600.0,265000.0
2000,10,algeria,0.0,0.0,4.0,28.0,400.0,1.0,101500.0,5.608526,Algeria,DZA,Flash flood,28.0,100.0,100.0,
2000,10,spain,0.0,0.0,7.0,8.0,500.0,1.0,26690.0,5.271447,Spain,ESP,Flash flood,10.0,8000.0,8000.0,75000.0
2000,10,italy,0.0,0.0,9.0,37.0,43000.0,1.5,44550.0,5.779181,Italy,ITA,Riverine flood,25.0,43000.0,43000.0,8000000.0
2000,9,colombia,0.0,0.0,84.0,9.0,28000.0,1.0,208200.0,7.24276,Colombia,COL,Riverine flood,9.0,28000.0,28000.0,
2000,9,india,0.0,0.0,34.0,1468.0,24000000.0,2.0,155000.0,7.022841,India,IND,Riverine flood,884.0,24600000.0,24600000.0,691500.0
2000,9,japan,0.0,0.0,7.0,13.0,100000.0,1.0,42970.0,5.478263,Japan,JPN,Coastal flood,18.0,360000.0,360110.0,7440000.0
2000,9,philippines,0.0,0.0,2.0,3.0,5000.0,1.0,1636.0,3.514813,Philippines,PHL,Coastal flood,5.0,6508.0,6508.0,
2000,8,india,0.0,0.0,9.0,162.0,3000000.0,1.5,129500.0,6.242604,India,IND,Riverine flood,867.0,22000000.0,22000000.0,43000.0
2000,8,india,0.0,0.0,9.0,162.0,3000000.0,1.5,129500.0,6.242604,India,IND,Flash flood,179.0,,252016.0,173000.0
2000,8,cameroon,0.0,0.0,3.0,3.0,500.0,1.5,3700.0,4.221414,Cameroon,CMR,Riverine flood,3.0,500.0,500.0,
2000,8,india,0.0,0.0,29.0,637.0,10504000.0,1.0,324400.0,6.973479,India,IND,Riverine flood,867.0,22000000.0,22000000.0,43000.0
2000,8,india,0.0,0.0,29.0,637.0,10504000.0,1.0,324400.0,6.973479,India,IND,Flash flood,179.0,,252016.0,173000.0
2000,7,india,0.0,0.0,18.0,140.0,0.0,1.0,107100.0,6.285062,India,IND,Flash flood,130.0,,,
2000,7,cambodia,0.0,0.0,31.0,33.0,25000.0,1.5,104700.0,6.6874,Cambodia,KHM,Riverine flood,347.0,3448000.0,3448053.0,160000.0
2000,6,china,0.0,0.0,16.0,65.0,88000.0,1.0,108000.0,6.237544,China,CHN,Flash flood,4.0,15000.0,15000.0,
2000,6,china,0.0,0.0,16.0,65.0,88000.0,1.0,108000.0,6.237544,China,CHN,Riverine flood,43.0,,31010.0,19000.0
2000,6,china,0.0,0.0,16.0,65.0,88000.0,1.0,108000.0,6.237544,China,CHN,Riverine flood,33.0,300000.0,300000.0,60000.0
2000,6,bangladesh,0.0,0.0,8.0,14.0,20000.0,1.0,17000.0,5.133539,Bangladesh,BGD,Flash flood,11.0,200000.0,200050.0,
2000,6,chile,0.0,0.0,12.0,0.0,41000.0,1.0,84000.0,6.003461,Chile,CHL,Riverine flood,1.0,42000.0,42000.0,
2000,6,chile,0.0,0.0,12.0,0.0,41000.0,1.0,84000.0,6.003461,Chile,CHL,Flash flood,15.0,129266.0,139667.0,30000.0
2000,6,india,0.0,0.0,15.0,30.0,50000.0,1.5,55000.0,6.092545,India,IND,Flash flood,20.0,3000000.0,3000000.0,
2000,5,china,0.0,0.0,20.0,94.0,8725.0,2.0,114000.0,6.658965,China,CHN,Flash flood,34.0,154000.0,154183.0,22000.0
2000,5,somalia,0.0,0.0,19.0,0.0,3500.0,1.0,46000.0,5.941511,Somalia,SOM,Riverine flood,,3500.0,3500.0,
2000,4,china,0.0,0.0,5.0,15.0,0.0,1.0,21000.0,5.021189,China,CHN,Riverine flood,15.0,40000.0,40000.0,12000.0
2000,4,romania,0.0,0.0,21.0,10.0,623.0,2.0,116000.0,6.687707,Romania,ROU,Riverine flood,9.0,60000.0,60431.0,100000.0
2000,3,argentina,0.0,0.0,9.0,7.0,15000.0,1.0,786000.0,6.849665,Argentina,ARG,Riverine flood,7.0,,6000.0,
2000,1,philippines,0.0,0.0,5.0,23.0,20000.0,1.0,16700.0,4.921686,Philippines,PHL,Flash flood,50.0,153885.0,153885.0,4080.0
2000,1,philippines,0.0,0.0,5.0,23.0,20000.0,1.0,16700.0,4.921686,Philippines,PHL,Coastal flood,,,5250.0,
2000,1,mozambique,0.0,0.0,62.0,929.0,733000.0,1.5,436000.0,7.607969,Mozambique,MOZ,Riverine flood,800.0,4500000.0,4500000.0,419200.0
2000,1,angola,0.0,0.0,8.0,31.0,70000.0,1.0,47000.0,5.575188,Angola,AGO,Riverine flood,31.0,70000.0,70000.0,10000.0
2000,1,brazil,0.0,0.0,6.0,26.0,70000.0,1.0,350000.0,6.322219,Brazil,BRA,Riverine flood,26.0,,70000.0,
